Risk_Allele_Frequency	MR_MEGA_Association_P	Effective_Sample_Size	OR	CI_lower	CI_upper	log_OR	CI_width	SE_log_OR	P_is_zero	neg_log10_P	MAF	Gene_count	Transcript_count	Biotype_count	Is_intronic	Is_intergenic	Is_upstream	Is_downstream	Is_5UTR	Is_3UTR	Is_regulatory	Is_splice	Has_LOW_impact	Has_MODIFIER_impact	True_label	Predicted_label	Protein_altering_probability
0.32097	0.0	1245485.58	1.127	1.12	1.134	0.1195592350576392	0.0139999999999997	0.0031690102037135	1	278.79468798213867	0.32097	1	4	3	1	0	0	0	0	0	0	0	0	1	0	0	0.0027180217451378353
0.03594	1.0896342696069e-09	1003373.12	1.058	1.041	1.077	0.0563803334361076	0.036	0.0086728593217907	0	8.962719246412265	0.03594	0	0	0	0	1	0	0	0	0	0	0	0	0	0	0	0.028580840587045533
0.5188	3.7886853505195e-08	1244772.45	1.013	1.007	1.02	0.0129162252665462	0.0130000000000001	0.003272197336672	0	7.421511461288047	0.4811999999999999	1	4	3	0	0	1	0	0	0	0	0	0	1	0	0	0.11213601066432557
0.04392	6.618811974601491e-15	1009966.87	1.068	1.051	1.084	0.0657877405380031	0.0330000000000001	0.0078866865108776	0	14.179219956055306	0.04392	0	0	0	0	1	0	0	0	0	0	0	0	0	0	0	0.029560765605172776
0.28818	2.6955819635330705e-14	1244147.5	1.027	1.02	1.034	0.026641930946421	0.014	0.0034775889770555	0	13.569347458207838	0.28818	0	0	0	0	1	0	0	0	0	0	0	0	0	0	0	0.005686487573057952
0.80173	2.18313492305063e-10	1246658.15	1.02	1.013	1.028	0.0198026272961797	0.0150000000000001	0.0037497300424559	0	9.66091942300564	0.1982699999999999	1	1	1	0	0	0	1	0	0	0	0	0	1	0	1	0.5701936844606671
0.02722	4.08415833991232e-08	983968.56	1.066	1.045	1.088	0.0639133257436528	0.0430000000000001	0.010286801790045	0	7.388897428970739	0.02722	1	1	1	0	0	0	0	0	0	0	0	0	0	1	1	0.9016689203284539
0.93533	8.567796351675771e-73	1177731.95	1.117	1.104	1.13	0.1106465200870636	0.0259999999999998	0.0059381849156493	0	72.06713086481795	0.06467	1	11	3	1	0	0	0	0	0	0	0	0	1	0	1	0.5099943018576203
0.21049	5.98203138523419e-13	1240084.68	1.022	1.014	1.029	0.0217614917815127	0.0149999999999999	0.0037460591027859	0	12.22315131273595	0.21049	0	0	0	0	1	0	0	0	0	0	0	0	0	0	0	0.008324371359122762
0.72482	6.08082975108361e-10	1245904.4	1.017	1.01	1.023	0.0168571170664228	0.0129999999999999	0.0032625398255921	0	9.216037155640112	0.27518	1	2	1	1	0	0	0	0	0	0	0	0	1	0	0	0.061846589931119016
0.08757	9.84453812075809e-18	1245805.41	1.037	1.026	1.047	0.0363319292473902	0.0209999999999999	0.005168669678526	0	17.00680465497651	0.08757	1	5	2	1	0	0	0	0	0	0	0	0	1	0	0	0.20481827474279987
0.84616	1.99592297393828e-13	1246658.15	1.033	1.025	1.042	0.0324671901375014	0.0170000000000001	0.0041962578420417	0	12.699856222887847	0.1538399999999999	1	1	1	0	0	0	1	0	0	0	0	0	1	0	1	0.6414398177092678
0.53915	4.62768195596067e-08	1244772.45	1.013	1.007	1.02	0.0129162252665462	0.0130000000000001	0.003272197336672	0	7.334636496202048	0.46085	1	1	1	1	0	0	0	0	0	0	0	0	1	0	0	0.0021008137240373136
0.92758	2.47749394814683e-12	1236527.78	1.046	1.033	1.059	0.0449733656427311	0.026	0.0063412950208591	0	11.605987397706318	0.07242	1	2	2	0	0	1	0	0	0	0	0	0	1	1	1	0.8286822056049042
0.92837	1.08616181135804e-13	1034844.31	1.049	1.036	1.062	0.04783732941416	0.026	0.0063231579036877	0	12.964105470746146	0.0716299999999999	1	8	4	0	0	0	0	0	0	0	0	0	1	1	1	0.9795866615269561
0.78092	2.29596271117484e-94	1243449.08	1.072	1.064	1.079	0.0695260626486103	0.0149999999999999	0.0035712488154451	0	93.6390351696114	0.21908	3	21	5	1	0	1	1	0	0	0	0	0	1	0	0	0.4182976753659482
0.2805	4.83982310375239e-09	1236559.68	1.023	1.016	1.03	0.0227394869694893	0.014	0.0034911870115444	0	8.315170511592813	0.2805	0	0	0	0	1	0	0	0	0	0	0	0	0	0	0	0.004949224897075212
0.61152	2.21141509265694e-08	1242276.51	1.018	1.012	1.024	0.017839918128331	0.012	0.0030071315693985	0	7.655329730722801	0.38848	1	9	1	1	0	0	0	0	0	0	0	0	1	0	0	0.012226734235214566
0.16855	2.20896909796494e-11	1242695.33	1.028	1.021	1.036	0.0276151670329733	0.0150000000000001	0.0037205624119293	0	10.655810359582246	0.16855	1	7	1	1	0	0	0	0	0	0	0	0	1	0	0	0.08358887763070355
0.67356	1.30962993444171e-09	936870.61	1.022	1.015	1.029	0.0217614917815127	0.014	0.0034946031525923	0	8.882851406737322	0.3264399999999999	0	0	0	0	1	0	0	0	0	0	0	0	0	0	0	0.011777312470935724
0.44324	1.36168146479405e-08	1246658.15	1.019	1.013	1.025	0.0188217542405876	0.012	0.0030041804397513	0	7.865924474113057	0.44324	2	13	4	1	0	1	0	0	0	0	0	0	1	0	0	0.07583332947644315
0.89871	2.15370827099365e-10	1097146.92	1.037	1.027	1.048	0.0363319292473902	0.0210000000000001	0.0051636874878646	0	9.666813124101203	0.1012899999999999	1	19	4	1	0	0	0	0	0	0	0	0	1	0	1	0.775754023174254
0.16058	1.62637583402188e-10	1246658.15	1.027	1.019	1.035	0.026641930946421	0.016	0.0039744062440675	0	9.788779087412886	0.16058	0	0	0	0	1	0	0	0	0	0	0	0	0	0	0	0.010865796560679783
0.57959	8.33993899454056e-89	1238826.77	1.061	1.054	1.067	0.059211859631846	0.0129999999999999	0.0031271740307259	0	88.07883712615259	0.4204099999999999	1	1	1	0	0	0	1	0	0	0	0	0	1	0	0	0.14477341149010495
0.08037	4.03740333809157e-13	1243323.56	1.03	1.019	1.042	0.0295588022415444	0.0230000000000001	0.0056939257884151	0	12.393897862242504	0.08037	0	0	0	0	1	0	0	0	0	0	0	0	0	0	0	0.014586709268118572
0.32233	1.15673601008855e-10	1239539.9	1.022	1.016	1.029	0.0217614917815127	0.0129999999999999	0.0032433948203118	0	9.936765744283726	0.32233	1	2	1	0	0	1	0	0	0	0	0	0	1	0	0	0.27304767061341156
0.26527	1.22057967922963e-76	1246658.15	1.072	1.064	1.08	0.0695260626486103	0.016	0.0038075638307846	0	75.91343386465299	0.26527	2	11	4	1	0	1	0	0	0	0	0	0	1	0	0	0.18252174713197783
0.7951699999999999	4.98751616361927e-16	1246658.15	1.029	1.021	1.036	0.0285874568519124	0.0150000000000001	0.0037205624119293	0	15.302115683834662	0.20483	3	5	2	1	0	1	1	0	0	0	0	0	1	0	0	0.11207929740785354
0.90017	7.01127336262239e-21	1040596.1	1.04	1.03	1.051	0.0392207131532813	0.0209999999999999	0.0051487983809361	0	20.154203099845173	0.0998299999999999	1	11	4	0	0	1	0	0	0	0	0	0	1	0	1	0.9694825684851471
0.895	1.30139955072967e-10	1246658.15	1.02	1.011	1.03	0.0198026272961797	0.0190000000000001	0.0047497097457168	0	9.88558934752967	0.1049999999999999	1	3	2	1	0	0	0	0	0	0	0	0	1	0	0	0.29158971523275307
0.46414	1.71104803459989e-21	1245904.4	1.03	1.024	1.036	0.0295588022415444	0.012	0.0029720962295855	0	20.766737798250336	0.46414	1	2	1	1	0	0	0	0	0	0	0	0	1	0	0	0.01751436502785598
0.68309	6.95483706923223e-10	1243601.44	1.023	1.017	1.03	0.0227394869694893	0.0130000000000001	0.00324022580998	0	9.157713039757084	0.31691	1	12	4	1	0	1	0	0	0	0	0	0	1	0	0	0.32122745095011496
0.6233	1.46449807233985e-09	1245959.73	1.02	1.014	1.027	0.0198026272961797	0.0129999999999999	0.003249751473834	0	8.834311195626437	0.3767	2	2	1	1	0	1	0	0	0	0	0	0	1	0	0	0.020960156321611398
0.93016	1.39835626475278e-14	794611.22	1.048	1.032	1.064	0.0468835858988504	0.032	0.0077899805765514	0	13.8543821675712	0.06984	1	4	2	0	0	0	0	0	1	0	0	0	1	1	1	0.9912902864739122
0.27908	2.94519440448299e-09	1243447.44	1.022	1.015	1.029	0.0217614917815127	0.014	0.0034946031525923	0	8.53088603330211	0.27908	3	12	4	1	0	1	0	0	0	0	0	0	1	0	0	0.19930737616131508
0.5234	2.10826212015273e-08	1200866.58	1.017	1.011	1.023	0.0168571170664228	0.012	0.0030100885028456	0	7.676075394285422	0.4766	1	3	1	0	0	1	0	0	0	0	0	0	1	0	0	0.06637138295831121
0.44815	3.94767489648976e-08	1245933.2	1.016	1.01	1.022	0.0158733491562901	0.012	0.0030130512572307	0	7.4036586200536	0.44815	1	4	2	1	0	0	0	0	0	0	0	0	1	0	0	0.006751769695522625
0.17123	1.71251135911987e-10	1244772.45	1.022	1.015	1.03	0.0217614917815127	0.0150000000000001	0.0037423953438249	0	9.766366539142563	0.17123	1	1	1	0	0	0	1	0	0	0	0	0	1	0	1	0.5031950805985985
0.21226	5.07255559478513e-47	1241522.76	1.054	1.046	1.061	0.0525924501191706	0.0149999999999999	0.0036322688747741	0	46.29477318443733	0.21226	0	0	0	0	1	0	0	0	0	0	0	0	0	0	0	0.006615420810189694
0.27773	2.07350292455889e-18	1245904.4	1.03	1.024	1.037	0.0295588022415444	0.0129999999999999	0.0032182149566515	0	17.683295347751667	0.27773	2	4	2	1	0	1	0	1	0	0	0	0	1	0	0	0.13120426446862585
0.56423	2.8676231551412e-20	1246658.15	1.03	1.024	1.036	0.0295588022415444	0.012	0.0029720962295855	0	19.5424779214826	0.43577	0	0	0	0	1	0	0	0	0	0	0	0	0	0	0	0.002847489388046444
0.38075	1.3429512607575602e-23	1244193.17	1.033	1.026	1.039	0.0324671901375014	0.0129999999999999	0.0032119809613552	0	22.8719397487372	0.38075	1	2	1	0	0	0	1	0	0	0	0	0	1	0	0	0.24858887010471153
0.6476	1.18500497868774e-08	1245959.73	1.02	1.014	1.026	0.0198026272961797	0.012	0.0030012350968332	0	7.926279825002341	0.3524	1	1	1	0	0	0	1	0	0	0	0	0	1	0	0	0.22712073912133862
0.7921	2.71930697665458e-09	1244787.16	1.02	1.013	1.027	0.0198026272961797	0.014	0.0035014555305803	0	8.565541763084854	0.2078999999999999	0	0	0	0	0	0	0	0	0	1	0	0	0	0	0	0.01209215232379705
0.22229	3.3224372014973e-27	1240439.81	1.04	1.033	1.048	0.0392207131532813	0.0150000000000001	0.0036776519799359	0	26.478543219053684	0.22229	1	2	2	1	0	0	0	0	0	0	0	0	1	0	0	0.1134540589544842
0.34935	5.241906477401778e-11	1205294.22	1.022	1.016	1.029	0.0217614917815127	0.0129999999999999	0.0032433948203118	0	10.280510731712704	0.34935	1	1	1	1	0	0	0	0	0	0	0	0	1	0	0	0.03584429023773192
0.91737	4.20744081345884e-12	1055327.62	1.043	1.032	1.055	0.0421011760186353	0.0229999999999999	0.0056229846603721	0	11.375981984578289	0.0826299999999999	2	6	3	1	0	1	0	0	0	0	0	0	1	0	1	0.5275636112664774
0.08011	7.36934259742772e-10	1046779.16	1.042	1.029	1.054	0.0411419433311752	0.0250000000000001	0.0061237227722597	0	9.13257125285246	0.08011	2	8	2	0	0	0	1	0	1	0	0	0	1	0	1	0.9695613598712749
0.45433	1.9529896320858802e-15	1233975.56	1.025	1.019	1.031	0.0246926125903714	0.012	0.0029865945903661	0	14.7093000622625	0.45433	1	5	3	1	0	1	0	0	0	0	0	0	1	0	0	0.07334151653674151
0.78008	4.61257240802495e-30	1103675.57	1.048	1.04	1.056	0.0468835858988504	0.016	0.0038947632986705	0	29.33605680323747	0.21992	0	0	0	0	0	0	0	0	0	1	0	0	0	0	0	0.015626136908389508
0.43093	2.8328571003702e-26	1244772.45	1.031	1.025	1.037	0.0305292050348227	0.012	0.0029692134329129	0	25.547775332322463	0.43093	2	7	3	0	0	1	0	0	0	0	0	0	1	0	0	0.428633055505322
0.57223	6.05869344427767e-10	1246658.15	1.02	1.014	1.026	0.0198026272961797	0.012	0.0030012350968332	0	9.217621021232915	0.42777	2	7	3	1	0	1	1	0	0	0	0	0	1	0	0	0.07805434900125309
0.04358	6.23311336877621e-29	1164156.35	1.088	1.071	1.104	0.0843411484337509	0.0330000000000001	0.0077416215278806	0	28.205294974024707	0.04358	0	0	0	0	0	0	0	0	0	1	0	0	0	0	0	0.020424425481622526
0.87562	1.56567834805868e-17	1230971.82	1.041	1.031	1.05	0.0401817896328317	0.0190000000000001	0.0046584079425023	0	16.805297454290404	0.12438	1	20	3	1	0	1	0	0	0	0	0	0	1	0	0	0.44683962981215836
0.75076	2.92850483262223e-08	1237969.08	1.02	1.013	1.027	0.0198026272961797	0.014	0.0035014555305803	0	7.533354054962149	0.24924	2	20	3	1	0	1	1	0	0	0	0	0	1	0	0	0.07204415320676795
0.31828	2.02172245529702e-08	1244074.03	1.016	1.01	1.023	0.0158733491562901	0.0129999999999999	0.0032625398255921	0	7.694278465167513	0.31828	1	2	1	1	0	0	0	0	0	0	0	0	1	0	0	0.014859635734352127
0.30959	7.12695726851449e-15	1244018.7	1.026	1.02	1.033	0.0256677467485778	0.0129999999999999	0.0032307558268677	0	14.147095845118296	0.30959	1	4	2	1	0	0	0	0	0	0	0	0	1	0	0	0.08358919149002823
0.27725	6.9584277981061105e-09	1189388.46	1.023	1.016	1.03	0.0227394869694893	0.014	0.0034911870115444	0	8.157488874719556	0.27725	1	14	2	1	0	0	0	0	0	0	0	0	1	0	0	0.09073950869290577
0.68208	2.85579017470198e-23	1245904.4	1.033	1.027	1.039	0.0324671901375014	0.012	0.0029634645843543	0	22.54427370491992	0.31792	0	0	0	0	1	0	0	0	0	0	0	0	0	0	0	0.0060562870485115616
0.92504	2.14432816495987e-08	1239969.94	1.031	1.02	1.042	0.0305292050348227	0.022	0.0054437030701519	0	7.668708750077625	0.07496	1	5	3	0	0	0	1	0	0	0	0	0	1	0	1	0.8351556442232339
0.78611	4.26510291567289e-14	1204646.02	1.026	1.019	1.033	0.0256677467485778	0.014	0.003480978545131	0	13.370070484972524	0.21389	2	4	2	0	0	1	1	0	0	0	0	0	1	0	1	0.6598935544882985
0.86163	5.76754017551202e-22	1044573.86	1.046	1.037	1.056	0.0449733656427311	0.0190000000000001	0.0046316979685407	0	21.239009371589287	0.13837	1	10	2	1	0	1	0	0	0	0	0	0	1	0	0	0.31801163657130577
0.44337	3.92591821195518e-10	1245959.73	1.017	1.011	1.023	0.0168571170664228	0.012	0.0030100885028456	0	9.406058752231312	0.44337	2	15	4	1	0	1	1	0	0	0	0	0	1	0	0	0.1414331480038858
0.64115	1.13181563534141e-08	1227650.26	1.02	1.014	1.026	0.0198026272961797	0.012	0.0030012350968332	0	7.946224310846357	0.35885	2	2	1	1	0	0	0	0	0	0	0	0	1	0	0	0.019296169098419448
0.96054	9.08840654874503e-12	681960.68	1.082	1.059	1.105	0.0788111804242898	0.046	0.0108470072322568	0	11.041512254044203	0.03946	0	0	0	0	1	0	0	0	0	0	0	0	0	0	0	0.10164778580250437
0.03355	5.03331394564487e-09	1031984.33	1.056	1.037	1.075	0.0544881852840697	0.038	0.0091807990643458	0	8.298145980270665	0.03355	1	7	2	1	0	0	0	0	0	0	0	0	1	0	0	0.2878665263856484
0.63342	1.58241984988288e-10	1246658.15	1.021	1.015	1.027	0.0207825391825284	0.012	0.0029982955236404	0	9.800678277920472	0.36658	1	5	2	1	0	0	0	0	0	0	0	0	1	0	0	0.07830595479107488
0.78114	7.84579302268389e-13	1246658.15	1.027	1.02	1.034	0.026641930946421	0.014	0.0034775889770555	0	12.10536315303696	0.21886	1	3	2	1	0	0	1	0	0	0	0	0	1	0	0	0.1861051760169677
0.94332	9.54702796789401e-09	1055290.36	1.047	1.032	1.061	0.0459289318883997	0.0289999999999999	0.0070696919827742	0	8.02013180517321	0.0566799999999999	0	0	0	0	0	0	0	0	0	1	0	0	0	0	0	0.031875587445976905
0.11082	4.38032807024717e-08	1225566.98	1.031	1.021	1.041	0.0305292050348227	0.02	0.0049487883801794	0	7.358493361239665	0.11082	1	4	3	1	0	0	0	0	0	0	0	0	1	0	0	0.0630962670947427
0.012	3.1710722552347502e-09	979428.7	1.106	1.071	1.141	0.1007499031001431	0.07	0.0161510916873282	0	8.498793862138086	0.012	1	4	3	1	0	0	0	0	0	0	0	0	1	0	0	0.45184360021391234
0.01746	4.87567582016177e-45	995952.0	1.205	1.175	1.236	0.1864795669426183	0.0609999999999999	0.0129112784284124	0	44.31196517799116	0.01746	1	13	1	1	0	0	0	0	0	0	0	0	1	0	0	0.19388682047575834
0.51942	3.21713251230606e-32	1243449.08	1.032	1.026	1.038	0.031498667059371	0.012	0.0029663362232446	0	31.49253105032648	0.48058	2	8	2	1	0	1	0	0	0	0	0	1	1	1	1	0.8128385617092156
0.75661	8.880514241423383e-14	1203956.14	1.028	1.021	1.035	0.0276151670329733	0.014	0.0034742060037765	0	13.051561884925656	0.24339	1	1	1	1	0	0	0	0	0	0	0	0	1	0	0	0.08347538233881936
0.68487	3.26938424260852e-13	1237724.23	1.027	1.02	1.033	0.026641930946421	0.0129999999999999	0.0032307558268677	0	12.48553403486838	0.31513	1	27	3	1	0	1	1	0	0	0	0	0	1	0	0	0.21890290415406746
0.94328	2.6528846742619203e-09	1207165.21	1.043	1.03	1.056	0.0421011760186353	0.026	0.0063595364904401	0	8.576281629180997	0.0567199999999999	2	16	5	1	0	1	1	0	0	0	0	0	1	0	1	0.8147066390557332
0.76482	1.85365586160787e-11	1058483.76	1.028	1.021	1.036	0.0276151670329733	0.0150000000000001	0.0037205624119293	0	10.731970891161062	0.2351799999999999	4	7	3	1	0	0	1	0	0	0	0	0	1	0	0	0.26755103522505186
0.95126	2.72772219337822e-37	1234027.62	1.093	1.078	1.109	0.0889262091944014	0.0309999999999999	0.0072324581330164	0	36.56419986276428	0.04874	2	7	3	1	0	0	1	0	0	0	0	0	1	0	1	0.5003525604904885
0.48956	1.39105031915045e-14	1244047.5	1.024	1.018	1.03	0.023716526617316	0.012	0.0029895112533707	0	13.856657159774944	0.48956	4	15	4	1	0	1	1	0	0	0	0	0	1	0	0	0.07668307406035274
0.46777	6.670541324567209e-09	1245959.73	1.019	1.013	1.025	0.0188217542405876	0.012	0.0030041804397513	0	8.175838920996034	0.46777	2	5	3	0	0	1	1	0	0	0	0	0	1	0	0	0.3470135982022978
0.45291	3.7309330760198e-27	1244772.45	1.031	1.025	1.037	0.0305292050348227	0.012	0.0029692134329129	0	26.428182541089427	0.45291	1	1	1	1	0	0	0	0	0	0	0	0	1	0	0	0.017405148618165493
0.10694	5.98469224945808e-14	1244772.45	1.037	1.027	1.046	0.0363319292473902	0.0190000000000001	0.0046763864021199	0	13.222958177387657	0.10694	2	12	3	1	0	1	0	0	0	0	0	0	1	0	0	0.274615109550177
0.88411	7.66467788399921e-33	1019476.33	1.061	1.051	1.072	0.059211859631846	0.0210000000000001	0.0050469313147439	0	32.11550609210005	0.11589	1	9	2	1	0	0	0	0	0	0	0	0	1	0	0	0.39137332041817235
0.61045	3.7603524592595e-20	1243401.77	1.03	1.023	1.036	0.0295588022415444	0.0130000000000001	0.0032213410377045	0	19.424771446578305	0.3895499999999999	1	1	1	1	0	0	0	0	0	0	0	0	1	0	0	0.029514989711652034
0.41939	4.05348873835051e-12	1226338.71	1.021	1.015	1.027	0.0207825391825284	0.012	0.0029982955236404	0	11.39217102922843	0.41939	1	10	3	1	0	1	1	0	0	0	1	1	1	0	1	0.8538912249048811
0.80044	4.1438168867840205e-09	1242953.6	1.02	1.013	1.027	0.0198026272961797	0.014	0.0035014555305803	0	8.38259944409688	0.1995599999999999	2	13	3	1	0	1	1	0	0	0	0	0	1	0	0	0.25011661856533296
0.09052	7.33414586409493e-10	1244484.46	1.034	1.024	1.044	0.0334347760862374	0.02	0.004934429296717	0	9.134650456886789	0.09052	0	0	0	0	1	0	0	0	0	0	0	0	0	0	0	0.014794901098864048
0.6214999999999999	6.6430901970281495e-12	1245959.73	1.022	1.016	1.028	0.0217614917815127	0.012	0.0029953617032355	0	11.1776298508543	0.3785	1	2	1	1	0	0	0	0	0	0	0	0	1	0	0	0.03393802571169905
0.17217	3.89017125842128e-47	1244018.7	1.055	1.047	1.063	0.0535407669280297	0.016	0.0038689202733191	0	46.41003127914983	0.17217	1	1	1	1	0	0	0	0	0	0	0	0	1	0	0	0.05986539869122439
0.24583	2.62525458207287e-30	1227728.04	1.038	1.031	1.045	0.0372957847436969	0.014	0.0034407347913141	0	29.5808285748377	0.24583	3	7	3	0	1	1	1	0	0	0	0	0	1	0	0	0.0013613051936600098
0.7029799999999999	6.54149601730917e-09	1245904.4	1.017	1.01	1.023	0.0168571170664228	0.0129999999999999	0.0032625398255921	0	8.184322918684433	0.29702	2	9	3	1	0	0	1	0	0	0	0	0	1	0	0	0.15580910906960146
0.84997	4.33541768360699e-14	1236844.7	1.031	1.023	1.04	0.0305292050348227	0.0170000000000001	0.0042043944346408	0	13.362969055293355	0.15003	1	19	4	1	0	1	0	0	0	0	0	0	1	0	1	0.5969298734239602
0.34353	1.60254988318376e-10	1206466.79	1.022	1.016	1.028	0.0217614917815127	0.012	0.0029953617032355	0	9.795188443148133	0.34353	1	11	2	1	0	0	1	0	0	0	0	0	1	0	0	0.0898838198673373
0.92683	2.6358480390104903e-35	1234049.03	1.075	1.063	1.087	0.072320661579626	0.024	0.0056955379538932	0	34.57907963114994	0.0731699999999999	0	0	0	0	1	0	0	0	0	0	0	0	0	0	0	0.026474547380905697
0.72192	2.56826440779547e-09	1244836.16	1.022	1.015	1.029	0.0217614917815127	0.014	0.0034946031525923	0	8.590360266843327	0.27808	1	1	1	1	0	0	0	0	0	0	0	0	1	0	0	0.05595640118575357
0.48138	3.54931785178024e-13	1080875.76	1.024	1.018	1.03	0.023716526617316	0.012	0.0029895112533707	0	12.44985510657153	0.48138	1	3	1	1	0	0	0	0	0	0	0	0	1	0	0	0.025192122191480704
0.92565	3.74042302209824e-13	1242724.13	1.044	1.032	1.055	0.043059489460447	0.0229999999999999	0.0056229846603721	0	12.427079278608629	0.07435	1	2	1	0	0	1	0	0	0	0	0	0	1	0	1	0.6915872337137533
0.18452	3.1216334654109602e-15	1242693.65	1.03	1.023	1.038	0.0295588022415444	0.0150000000000001	0.0037133412689305	0	14.50561809207904	0.18452	1	5	2	1	0	0	0	0	0	0	0	0	1	0	0	0.14755268278632047
0.6969000000000001	4.1011990075944005e-10	1245912.42	1.013	1.007	1.019	0.0129162252665462	0.012	0.0030219746184088	0	9.387089156388411	0.3030999999999999	1	5	1	1	0	1	0	0	0	0	0	0	1	0	0	0.04410114857758004
0.42893	2.02364412459126e-09	1243293.75	1.019	1.014	1.025	0.0188217542405876	0.0109999999999998	0.002752476383005	0	8.69386585957698	0.42893	1	3	1	1	0	0	0	0	0	0	0	0	1	0	0	0.0211945300761806
0.5109	3.4806360308389e-12	1206466.79	1.022	1.016	1.028	0.0217614917815127	0.012	0.0029953617032355	0	11.458341388397017	0.4891	1	2	1	1	0	0	0	0	0	0	0	0	1	0	0	0.018249299950943033
0.39522	3.58350904358605e-08	1245904.4	1.018	1.012	1.024	0.017839918128331	0.012	0.0030071315693985	0	7.445691495178099	0.39522	1	3	2	0	0	1	0	0	0	0	0	0	1	0	0	0.09130735061532004
0.93859	7.357490893640956e-19	1043783.76	1.056	1.043	1.07	0.0544881852840697	0.0270000000000001	0.0065197633814233	0	18.13327026675386	0.0614099999999999	0	0	0	0	1	0	0	0	0	0	0	0	0	0	0	0.04578147586262444
0.25826	4.14145993644402e-19	1245904.4	1.033	1.026	1.039	0.0324671901375014	0.0129999999999999	0.0032119809613552	0	18.382846535552297	0.25826	2	8	2	1	0	0	1	0	0	0	0	0	1	0	0	0.09324014816145801
0.20675	8.64321275788052e-09	1246658.15	1.023	1.016	1.03	0.0227394869694893	0.014	0.0034911870115444	0	8.063324796448468	0.20675	0	0	0	0	1	0	0	0	0	0	0	0	0	0	0	0.005889698960420013
0.95928	4.32206531558725e-08	1246658.15	1.045	1.03	1.06	0.0440168854167742	0.03	0.007324006602661	0	7.364308674291096	0.0407199999999999	1	7	3	0	0	1	0	0	0	0	0	0	1	0	1	0.6126323760060393
0.80275	1.75725230950524e-08	1013096.69	1.023	1.015	1.032	0.0227394869694893	0.0170000000000001	0.0042372588177603	0	7.755165877230445	0.19725	1	5	1	1	0	0	0	0	0	0	0	0	1	0	0	0.07772399125043872
0.48629	1.45156737395159e-32	1246658.15	1.035	1.029	1.041	0.0344014267173323	0.012	0.0029577379543161	0	31.83816280175009	0.48629	1	8	2	1	0	0	0	0	0	0	0	0	1	0	0	0.03208082763322624
0.14582	4.820637712191e-10	1246658.15	1.028	1.019	1.036	0.0276151670329733	0.0170000000000001	0.0042207626522203	0	9.316895506042083	0.14582	1	3	2	1	0	0	0	0	0	0	0	0	1	0	0	0.1688657352583161
0.90454	8.0427557115413e-39	995094.37	1.081	1.068	1.093	0.0778865386570712	0.0249999999999999	0.0059026705756118	0	38.09459512223875	0.0954599999999999	1	13	1	1	0	0	0	0	0	0	0	0	1	0	0	0.2632554391627973
0.91009	8.74124881490888e-14	1228935.83	1.025	1.014	1.036	0.0246926125903714	0.022	0.005475571088852	0	13.058426517630991	0.08991	1	1	1	0	0	1	0	0	0	0	0	0	1	0	1	0.6565981506830486
0.01558	3.73586628347922e-12	1243871.32	1.078	1.054	1.103	0.0751074724868054	0.0489999999999999	0.0115921658551517	0	11.427608676710248	0.01558	0	0	0	0	1	0	0	0	0	0	0	0	0	0	0	0.016275414629641865
0.7354700000000001	3.097473019101e-13	1245959.73	1.026	1.02	1.033	0.0256677467485778	0.0129999999999999	0.0032307558268677	0	12.50899246790802	0.2645299999999999	2	15	4	1	0	1	0	0	0	0	0	0	1	0	0	0.35521702448350423
0.0082	1.0849906988994098e-11	928929.16	1.146	1.099	1.196	0.1362776182925477	0.0969999999999999	0.0215770357415703	0	10.964573984796075	0.0082	0	0	0	0	1	0	0	0	0	0	0	0	0	0	0	0.01942839414901544
0.26644	6.40627127464033e-22	1245959.73	1.034	1.028	1.041	0.0334347760862374	0.0129999999999999	0.0032057710713924	0	21.193394675009547	0.26644	1	3	1	1	0	0	1	0	0	0	0	0	1	0	0	0.050321795181511114
0.80362	4.5902584108924006e-10	1246658.15	1.022	1.014	1.029	0.0217614917815127	0.0149999999999999	0.0037460591027859	0	9.338162864949524	0.19638	1	4	2	1	0	1	1	0	0	0	0	0	1	0	0	0.17375883072562495
0.59085	1.04519887368163e-08	1199949.59	1.021	1.014	1.027	0.0207825391825284	0.0129999999999999	0.003249751473834	0	7.980801066945206	0.40915	1	12	2	1	0	1	0	0	0	0	0	0	1	0	0	0.0365744851284298
0.58145	2.79044982158553e-41	1242974.93	1.04	1.034	1.045	0.0392207131532813	0.0109999999999998	0.0026995176863614	0	40.55432578264542	0.41855	0	0	0	0	1	0	0	0	0	0	0	0	0	0	0	0.0027278142149706553
0.90181	3.08088373997987e-11	1245433.65	1.037	1.027	1.048	0.0363319292473902	0.0210000000000001	0.0051636874878646	0	10.511324689881002	0.09819	0	0	0	0	1	0	0	0	0	0	0	0	0	0	0	0.025137607170386402
0.6100300000000001	2.56975674988612e-11	1245485.58	1.019	1.014	1.025	0.0188217542405876	0.0109999999999998	0.002752476383005	0	10.590107984521625	0.3899699999999999	0	0	0	0	1	0	0	0	0	0	0	0	0	0	0	0.004089523262290435
0.04601	7.93110325676634e-11	1235401.8	1.05	1.036	1.064	0.048790164169432	0.028	0.0068031242556534	0	10.10066639591078	0.04601	1	5	2	1	0	0	0	0	0	0	0	0	1	0	0	0.24904155656410418
0.78228	6.352176165795469e-11	1245933.2	1.024	1.017	1.032	0.023716526617316	0.0150000000000001	0.0037350892839153	0	10.197077466063964	0.21772	2	3	2	1	0	0	1	0	0	0	0	0	1	0	0	0.1534799277412205
0.98227	1.73214010460557e-14	1067755.28	1.101	1.076	1.128	0.0962188577405429	0.0519999999999998	0.012039717177621	0	13.761416982875126	0.01773	1	11	3	0	0	1	1	0	1	0	0	0	1	1	1	0.9933678215531139
0.83419	5.6685085373014e-16	1244018.7	1.034	1.025	1.042	0.0334347760862374	0.0170000000000001	0.0041962578420417	0	15.246531194938903	0.16581	1	2	2	1	0	0	0	0	0	0	0	0	1	0	0	0.22399729792781228
0.81379	7.33861954409278e-10	1244787.16	1.024	1.017	1.032	0.023716526617316	0.0150000000000001	0.0037350892839153	0	9.134385626836965	0.18621	0	0	0	0	1	0	0	0	0	0	0	0	0	0	0	0.014551314684896977
0.50867	7.75513826094972e-12	579511.79	1.03	1.021	1.039	0.0295588022415444	0.018	0.0044582073812657	0	11.11041045504802	0.49133	3	9	2	0	0	1	0	0	0	0	0	0	1	0	1	0.5125888416287018
0.2616199999999999	1.6055664102837e-09	1245205.98	1.022	1.015	1.029	0.0217614917815127	0.014	0.0034946031525923	0	8.794371726208807	0.2616199999999999	0	0	0	0	1	0	0	0	0	0	0	0	0	0	0	0.006184227367462204
0.03164	3.37185453526016e-12	1246658.15	1.031	1.014	1.048	0.0305292050348227	0.034	0.0084134389616987	0	11.472131169485168	0.03164	1	2	2	1	0	0	0	0	0	0	0	0	1	0	0	0.21652494075617057
0.0899	2.29522190151222e-08	1244074.03	1.033	1.022	1.043	0.0324671901375014	0.0209999999999999	0.0051886949584496	0	7.639175320608816	0.0899	1	2	1	0	0	0	1	0	0	0	0	0	1	0	0	0.33463212151489113
0.3322	1.3692593066623401e-17	1244772.45	1.032	1.024	1.039	0.031498667059371	0.0149999999999999	0.0037097411989219	0	16.86351429855082	0.3322	0	0	0	0	1	0	0	0	0	0	0	0	0	0	0	0.004400908050293032
0.83918	9.89918977719006e-09	1246658.15	1.027	1.019	1.035	0.026641930946421	0.016	0.0039744062440675	0	8.004400349816098	0.1608199999999999	1	3	1	1	0	0	0	0	0	0	0	0	1	0	0	0.08328885484645332
0.20569	1.81017592352649e-10	1239406.05	1.025	1.018	1.032	0.0246926125903714	0.014	0.0034843747273061	0	9.742279215791564	0.20569	1	5	1	1	0	0	1	0	0	0	0	0	1	0	0	0.0735488095719856
0.50744	2.59384433212308e-16	1229806.86	1.027	1.021	1.033	0.026641930946421	0.012	0.00298077830484	0	15.586056091370123	0.49256	1	6	1	1	0	0	0	0	0	0	0	0	1	0	0	0.01722601376065716
0.69093	1.06310012676262e-12	1222473.03	1.025	1.019	1.031	0.0246926125903714	0.012	0.0029865945903661	0	11.973425830064976	0.3090699999999999	1	4	1	1	0	0	0	0	0	0	0	0	1	0	0	0.056727318529850544
0.1933	1.78517383686367e-17	1009281.17	1.039	1.03	1.048	0.0382587121170902	0.018	0.0044195876676801	0	16.748319486714436	0.1933	1	3	2	1	0	0	0	0	0	0	0	0	1	0	0	0.21399196315357066
0.40913	3.0062825346351e-08	1245904.4	1.017	1.011	1.023	0.0168571170664228	0.012	0.0030100885028456	0	7.521970206228525	0.40913	1	7	2	1	0	0	0	0	0	0	0	0	1	0	0	0.013397724690738575
0.96242	6.2173622265453e-26	1243532.88	1.085	1.069	1.101	0.0815799869924228	0.032	0.0075242922698047	0	25.20639382968715	0.0375799999999999	1	7	3	1	0	0	0	0	0	0	0	0	1	0	1	0.5723072409937946
0.06495	5.88737643843029e-10	915198.07	1.047	1.033	1.061	0.0459289318883997	0.028	0.0068226197689654	0	9.230078194541775	0.06495	1	1	1	1	0	0	0	0	0	0	0	0	1	0	0	0.21595846202569888
0.379	6.69568581321127e-28	1244836.16	1.034	1.028	1.04	0.0334347760862374	0.012	0.0029605985000785	0	27.17420493326897	0.379	1	5	1	1	0	0	0	0	0	0	0	0	1	0	0	0.026438047014716495
0.01322	1.32421268808286e-10	993030.04	1.083	1.053	1.114	0.0797349680188535	0.0610000000000001	0.0143657929472586	0	9.878042255196604	0.01322	2	4	3	1	0	0	0	0	1	0	0	0	1	0	1	0.8497514254245615
0.76802	2.48482380803539e-13	1245904.4	1.027	1.02	1.034	0.026641930946421	0.014	0.0034775889770555	0	12.604704400456123	0.2319799999999999	0	0	0	0	1	0	0	0	0	0	0	0	0	0	0	0.011095778644065012
0.6893	1.15643286783336e-16	1223336.01	1.031	1.023	1.038	0.0305292050348227	0.0150000000000001	0.0037133412689305	0	15.93687957342147	0.3107	2	6	4	1	0	0	1	0	0	0	0	0	1	0	0	0.3287758034730017
0.04383	4.50848875943852e-12	1239970.5	1.048	1.034	1.063	0.0468835858988504	0.0289999999999999	0.0070562049167279	0	11.345969008770345	0.04383	1	5	1	1	0	0	0	0	0	0	0	0	1	0	0	0.12859429481685736
0.5953200000000001	1.64179176809345e-09	1227844.16	1.021	1.015	1.027	0.0207825391825284	0.012	0.0029982955236404	0	8.784681926207256	0.4046799999999999	0	0	0	0	1	0	0	0	0	0	0	0	0	0	0	0.0036256251656777835
0.12748	4.68088898417218e-10	1241522.76	1.028	1.02	1.037	0.0276151670329733	0.0169999999999999	0.004216658661023	0	9.329671658836917	0.12748	2	5	2	1	0	1	1	0	0	0	0	0	1	0	0	0.1369287352458104
0.58784	1.5912195872710202e-09	1245960.95	1.017	1.01	1.023	0.0168571170664228	0.0129999999999999	0.0032625398255921	0	8.798269883860895	0.4121599999999999	3	6	4	0	0	1	1	0	1	0	0	0	1	0	1	0.9267495092778658
0.35557	3.3217943208867497e-12	1242911.77	1.024	1.018	1.03	0.023716526617316	0.012	0.0029895112533707	0	11.47862726173089	0.35557	1	8	1	1	0	0	0	0	0	0	0	0	1	0	0	0.03460928592818635
0.40316	1.69220190724781e-08	1243901.75	1.014	1.008	1.021	0.0139029051689914	0.0129999999999999	0.0032689718197325	0	7.771547819800473	0.40316	1	7	4	0	0	0	1	0	0	0	0	0	1	0	1	0.5989176822598019
0.0055	2.1542418580818497e-11	528262.46	1.282	1.2	1.37	0.2484213584984783	0.1700000000000001	0.0337982609811426	0	10.66670553978743	0.0055	1	3	2	1	0	0	0	0	0	0	0	0	1	0	0	0.2491244829083206
0.49204	2.34106865271084e-12	1214916.08	1.023	1.017	1.029	0.0227394869694893	0.012	0.0029924336187473	0	11.630585850269073	0.49204	1	1	1	0	0	1	0	0	0	0	0	0	1	0	0	0.14199382909886174
0.37344	1.98829515088464e-10	1232471.22	1.023	1.016	1.029	0.0227394869694893	0.0129999999999999	0.0032433948203118	0	9.701519146655963	0.37344	1	5	2	0	0	1	0	0	0	0	0	0	1	0	0	0.39653373379946544
0.75485	4.68160923309646e-08	1113815.02	1.021	1.014	1.028	0.0207825391825284	0.014	0.0034980259857096	0	7.3296048390358814	0.2451499999999999	1	18	4	1	0	1	0	0	0	0	0	0	1	1	0	0.10349654375344945
0.13129	1.49015167249783e-09	1244147.5	1.027	1.018	1.035	0.026641930946421	0.0169999999999999	0.0042248746400513	0	8.826769525429008	0.13129	1	1	1	1	0	0	0	0	0	0	0	0	1	0	0	0.08666693012697559
0.45039	1.30517047638885e-08	1244393.27	1.019	1.013	1.025	0.0188217542405876	0.012	0.0030041804397513	0	7.884332758732175	0.45039	1	3	1	1	0	0	0	0	0	0	0	0	1	0	0	0.011098325320122962
0.52294	1.90992471407803e-20	1244074.03	1.03	1.023	1.036	0.0295588022415444	0.0130000000000001	0.0032213410377045	0	19.71898375155064	0.47706	1	1	1	1	0	0	0	0	0	0	0	0	1	0	0	0.016746670340696747
0.34181	1.44870769096347e-08	1245933.2	1.02	1.013	1.026	0.0198026272961797	0.0130000000000001	0.0032529391535794	0	7.839019234272116	0.34181	1	7	1	1	0	0	0	0	0	0	0	0	1	0	0	0.018436078412290172
0.00422	1.4871307882001202e-15	954623.03	1.24	1.18	1.303	0.2151113796169455	0.123	0.0252946070574323	0	14.827650835045077	0.00422	2	14	2	1	0	0	0	0	0	0	0	0	1	0	0	0.1890900688217105
0.0088	3.6079938108716e-50	746240.54	1.353	1.301	1.407	0.3023243491886509	0.1060000000000001	0.0199812700515009	0	49.4427342161153	0.0088	0	0	0	0	1	0	0	0	0	0	0	0	0	0	0	0.030771497876806646
0.19289	5.50937969082373e-13	1087626.54	1.033	1.025	1.041	0.0324671901375014	0.016	0.003951320674097	0	12.258897296251238	0.19289	2	11	5	1	0	1	0	0	0	0	0	0	1	0	1	0.6308962843494224
0.22642	1.39114484924891e-24	1245933.2	1.042	1.034	1.05	0.0411419433311752	0.016	0.0039171908375496	0	23.856627647898414	0.22642	0	0	0	0	1	0	0	0	0	0	0	0	0	0	0	0.007223087290994771
0.63994	1.96029529087975e-10	1019563.27	1.021	1.014	1.028	0.0207825391825284	0.014	0.0034980259857096	0	9.707678503367948	0.36006	0	0	0	0	1	0	0	0	0	0	0	0	0	0	0	0.008119123005177408
0.29773	4.27076882280764e-10	1246658.15	1.022	1.016	1.029	0.0217614917815127	0.0129999999999999	0.0032433948203118	0	9.36949393634565	0.29773	2	14	2	1	0	1	1	0	1	0	0	0	1	0	0	0.35116528986768747
0.16537	3.70357660857285e-08	1246658.15	1.024	1.016	1.032	0.023716526617316	0.016	0.0039860504854798	0	7.43137866752748	0.16537	0	0	0	0	1	0	0	0	0	0	0	0	0	0	0	0.0018041449863133035
0.96369	7.49146421938776e-17	1006240.3	1.078	1.06	1.096	0.0751074724868054	0.036	0.0085199694902673	0	16.12543329041105	0.0363099999999999	1	13	1	1	0	0	0	0	0	0	0	0	1	0	0	0.3471521008181735
0.97404	9.22816731961155e-10	998777.59	1.073	1.051	1.096	0.0704584636485613	0.0450000000000001	0.0106951777119923	0	9.034884539711712	0.0259599999999999	1	2	2	0	0	1	0	0	0	0	0	0	1	0	1	0.9018341774841131
0.07061	8.49449964240336e-16	1239890.28	1.033	1.021	1.045	0.0324671901375014	0.024	0.0059271291413892	0	15.070862197600473	0.07061	1	11	3	0	0	0	1	0	1	0	0	1	1	0	1	0.9999076623225164
0.01305	3.79132642161938e-41	622181.13	1.271	1.229	1.315	0.2398039922073169	0.0859999999999998	0.0172540395525076	0	40.42120882253605	0.01305	1	6	3	0	0	0	0	0	0	0	0	0	1	1	1	0.9605511594285895
0.03534	2.85034859370636e-12	1042999.77	1.065	1.048	1.083	0.0629747991613883	0.0349999999999999	0.0083804546224497	0	11.545102023126512	0.03534	1	7	2	1	0	0	0	0	0	0	0	0	1	0	0	0.34515168847609823
0.62589	4.41447513239195e-10	1246658.15	1.017	1.011	1.023	0.0168571170664228	0.012	0.0030100885028456	0	9.355120925304188	0.37411	1	6	3	1	0	0	1	0	0	0	0	0	1	0	0	0.15457992605578003
0.01132	2.4402357855189904e-15	666271.72	1.18	1.136	1.225	0.1655144384775733	0.0890000000000001	0.0192417152290129	0	14.612568208332386	0.01132	2	10	2	1	0	0	1	0	0	0	0	0	1	0	0	0.41845643083268347
0.40864	1.0093976303074598e-11	1246658.15	1.022	1.016	1.028	0.0217614917815127	0.012	0.0029953617032355	0	10.995937719164054	0.40864	2	4	2	1	0	0	1	0	0	0	0	0	1	0	0	0.04527760382363939
0.58099	4.76905480256928e-25	1244772.45	1.032	1.026	1.039	0.031498667059371	0.0129999999999999	0.0032119809613552	0	24.32156768693567	0.41901	1	1	1	1	0	0	0	0	0	0	0	0	1	0	0	0.02336405334614557
0.4428	1.11558791096479e-09	1241990.17	1.019	1.013	1.025	0.0188217542405876	0.012	0.0030041804397513	0	8.952496200599722	0.4428	2	14	3	1	0	1	0	0	0	0	0	0	1	0	0	0.06561814421003599
0.94194	3.75685253044194e-73	1230095.4	1.123	1.109	1.137	0.1160036757563061	0.028	0.0063608434694308	0	72.42517585217439	0.05806	1	2	2	0	0	1	0	0	0	0	0	0	1	0	1	0.7902854038434188
0.4431	3.4801679248781303e-10	1245933.2	1.021	1.015	1.028	0.0207825391825284	0.0130000000000001	0.003246570035516	0	9.458399799993524	0.4431	2	9	4	0	0	1	0	0	0	0	0	0	1	0	1	0.630559234402254
0.77104	1.06767171291961e-23	1245063.73	1.041	1.033	1.048	0.0401817896328317	0.0150000000000001	0.0036776519799359	0	22.971562263397743	0.22896	1	1	1	0	0	1	0	0	0	0	0	0	1	0	0	0.44585453903142125
0.13429	2.36818164402492e-15	1245234.78	1.032	1.024	1.041	0.031498667059371	0.0169999999999999	0.0042003221978356	0	14.625584989460847	0.13429	1	15	4	1	0	0	1	0	1	0	0	0	1	0	1	0.8976813212847541
0.27597	1.86488638144284e-18	1230354.58	1.03	1.023	1.036	0.0295588022415444	0.0130000000000001	0.0032213410377045	0	17.72934762252314	0.27597	1	23	2	0	1	0	1	0	0	0	0	0	1	0	0	0.0013514546282016743
0.4368	1.27175328010771e-12	1244772.45	1.025	1.018	1.031	0.0246926125903714	0.0129999999999999	0.0032370629863499	0	11.895597133562273	0.4368	1	8	2	1	0	1	0	0	0	0	0	0	1	0	0	0.03907828017193868
0.3499	1.39797973714948e-107	1240454.52	1.069	1.063	1.075	0.0667236320429081	0.012	0.0028636638315855	0	106.85449912337428	0.3499	2	6	3	0	0	1	1	0	0	0	0	0	1	1	0	0.3736298210790948
0.2662	7.779885140651891e-09	1244787.16	1.018	1.012	1.024	0.017839918128331	0.012	0.0030071315693985	0	8.10902681472616	0.2662	0	0	0	0	1	0	0	0	0	0	0	0	0	0	0	0.004581905035957961
0.43459	1.42930703982234e-20	1197280.65	1.032	1.025	1.038	0.031498667059371	0.0130000000000001	0.0032150949370728	0	19.84487446723628	0.43459	2	3	2	1	0	0	0	0	0	0	0	0	1	0	0	0.03912052369703514
0.86544	6.53176988636685e-14	1242340.39	1.036	1.027	1.045	0.0353671438372913	0.018	0.0044323863444778	0	13.184969123819242	0.13456	0	0	0	0	1	0	0	0	0	0	0	0	0	0	0	0.02039825717352984
0.96788	5.392503471901231e-21	1014338.72	1.094	1.074	1.113	0.0898407039997895	0.0389999999999999	0.0090992541343711	0	20.26820956660983	0.03212	1	2	2	1	0	0	0	0	0	0	0	0	1	0	1	0.5033028304720638
0.6681900000000001	1.79133759582159e-11	1246658.15	1.022	1.016	1.028	0.0217614917815127	0.012	0.0029953617032355	0	10.746822559217454	0.3318099999999999	1	12	1	1	0	1	0	0	0	0	0	0	1	0	0	0.04114234590005979
0.02297	9.295402511724739e-12	988918.81	1.088	1.065	1.112	0.0843411484337509	0.0470000000000001	0.0110166828232148	0	11.031731799562218	0.02297	0	0	0	0	1	0	0	0	0	0	0	0	0	0	0	0.03053092424614522
0.3327	5.407974653575099e-12	1246658.15	1.024	1.018	1.03	0.023716526617316	0.012	0.0029895112533707	0	11.266965352539472	0.3327	1	1	1	0	0	1	0	0	0	0	0	0	1	0	0	0.2607047628631493
0.4406	5.41108380554044e-24	1244147.5	1.024	1.018	1.03	0.023716526617316	0.012	0.0029895112533707	0	23.266715739768784	0.4406	3	14	4	1	0	1	1	0	0	0	0	0	1	0	0	0.10708802516635325
0.52754	3.09984256816705e-34	1236971.48	1.037	1.031	1.043	0.0363319292473902	0.012	0.0029520334142378	0	33.5086603621375	0.47246	1	2	2	1	0	0	1	0	0	0	0	0	1	0	0	0.036237149493032264
0.41164	2.4034976876343203e-25	1235861.26	1.032	1.027	1.038	0.031498667059371	0.0110000000000001	0.0027178198462438	0	24.619156291362728	0.41164	0	0	0	0	0	0	0	0	0	1	0	0	0	0	0	0.003081814736474494
0.97661	3.69838535109258e-09	979633.26	1.071	1.049	1.094	0.0685927914656116	0.0450000000000001	0.0107151465779667	0	8.431987839760398	0.02339	1	13	4	1	0	1	0	0	0	0	0	0	1	0	1	0.7938510448647598
0.98899	9.16141985992258e-30	676640.85	1.27	1.221	1.321	0.2390169004704999	0.0999999999999998	0.0200813342886787	0	29.038037213063262	0.0110099999999999	0	0	0	0	1	0	0	0	0	0	0	0	0	0	0	0.07521266312790907
0.5908100000000001	6.42387834977445e-27	1241551.56	1.034	1.027	1.04	0.0334347760862374	0.0130000000000001	0.0032088730119541	0	26.192202691970024	0.4091899999999999	1	4	1	1	0	0	0	0	0	0	0	0	1	0	0	0.025513614772928944
0.9729	2.61843280445386e-08	994894.94	1.067	1.045	1.09	0.0648509723196162	0.0450000000000001	0.0107553088837444	0	7.581958566704006	0.0271	2	5	3	1	0	1	0	0	0	0	0	0	1	0	0	0.2905074228286513
0.21152	2.35579159954536e-08	1246658.15	1.023	1.015	1.031	0.0227394869694893	0.016	0.0039899470768041	0	7.627863131189956	0.21152	2	26	3	1	0	1	0	0	0	0	0	0	1	0	0	0.07743343222233354
0.89657	6.80806397598759e-10	1113417.37	1.026	1.016	1.036	0.0256677467485778	0.02	0.0049729068063778	0	9.166976371800107	0.10343	1	1	1	1	0	0	0	0	0	0	0	0	1	0	0	0.2035874974141009
0.93621	2.22378107749254e-08	1245205.98	1.024	1.012	1.036	0.023716526617316	0.024	0.005979227798984	0	7.652907969570543	0.06379	1	6	4	1	0	1	0	0	0	0	0	0	1	0	0	0.41158012468588817
0.0552	5.79434428179741e-12	1232295.28	1.048	1.035	1.062	0.0468835858988504	0.0270000000000001	0.0065695143118405	0	11.236995703947107	0.0552	0	0	0	0	1	0	0	0	0	0	0	0	0	0	0	0.01749501735373424
0.67699	3.94695206919156e-11	1245959.73	1.024	1.018	1.031	0.023716526617316	0.0129999999999999	0.0032370629863499	0	10.403738147537094	0.32301	1	1	1	1	0	0	0	0	0	0	0	0	1	0	0	0.047717260820985104
0.99053	4.38474859169452e-14	761291.92	1.175	1.128	1.224	0.1612681475961223	0.096	0.0208362324015987	0	13.35805530272437	0.0094699999999999	1	1	1	0	0	0	1	0	0	0	0	0	1	0	1	0.8617333017692953
0.28333	3.81159370604805e-08	1244772.45	1.015	1.008	1.021	0.0148886124937505	0.0129999999999999	0.0032689718197325	0	7.418893398858835	0.28333	1	1	1	1	0	0	0	0	0	0	0	0	1	0	0	0.007411591456871009
0.22452	1.15099985088917e-14	1242229.79	1.028	1.021	1.035	0.0276151670329733	0.014	0.0034742060037765	0	13.938924732632602	0.22452	1	2	1	1	0	0	0	0	0	0	0	0	1	0	0	0.06008483851841013
0.84512	4.38994830179977e-08	1244787.16	1.025	1.017	1.033	0.0246926125903714	0.016	0.0039821614977241	0	7.357540594194163	0.15488	1	1	1	0	0	0	0	0	1	0	0	0	1	0	1	0.6016986250711165
0.28563	3.06748620547336e-09	1244063.43	1.017	1.011	1.023	0.0168571170664228	0.012	0.0030100885028456	0	8.513217381624681	0.28563	0	0	0	0	1	0	0	0	0	0	0	0	0	0	0	0.005167697640065404
0.6173299999999999	1.60263013219138e-38	1245959.73	1.039	1.033	1.045	0.0382587121170902	0.012	0.0029463508365491	0	37.79516669603812	0.38267	1	2	2	0	0	0	0	0	1	0	0	0	1	0	1	0.8363798606894849
0.1894799999999999	2.79698969326754e-08	1108951.63	1.018	1.01	1.026	0.017839918128331	0.016	0.0040095448712779	0	7.553309133973586	0.1894799999999999	1	2	1	1	0	0	0	0	0	0	0	0	1	0	0	0.02592637372117789
0.53745	8.8509867504403e-09	1244047.5	1.017	1.011	1.022	0.0168571170664228	0.0110000000000001	0.0027605999344842	0	8.05300830937195	0.46255	3	3	3	1	0	1	1	0	0	0	0	0	1	0	0	0.03405439152924561
0.81974	4.03454963482745e-10	1238233.48	1.011	1.004	1.019	0.0109399400383342	0.0149999999999999	0.003783095145676	0	9.394204937280326	0.1802599999999999	1	2	1	1	0	0	0	0	0	0	0	0	1	0	0	0.10603480206784908
0.38963	9.1780789672008e-18	1236559.68	1.028	1.022	1.034	0.0276151670329733	0.012	0.0029778786491644	0	17.03724821000244	0.38963	0	0	0	0	1	0	0	0	0	0	0	0	0	0	0	0.0034384314256334174
0.16977	2.21611592492357e-09	1244047.5	1.026	1.018	1.034	0.0256677467485778	0.016	0.0039782800913026	0	8.65440752542474	0.16977	2	6	2	0	0	1	1	0	1	0	0	0	1	0	1	0.9101372292710633
0.27133	2.95683498409765e-10	1246658.15	1.019	1.012	1.026	0.0188217542405876	0.014	0.0035048918069653	0	9.529172912029695	0.27133	0	0	0	0	1	0	0	0	0	0	0	0	0	0	0	0.006106184581775171
0.46655	3.41795963738216e-08	1244787.16	1.016	1.01	1.022	0.0158733491562901	0.012	0.0030130512572307	0	7.466233070159959	0.46655	0	0	0	0	0	0	0	0	0	1	0	0	0	0	0	0.00047476951765494023
0.76587	2.12795440680402e-10	1246658.15	1.024	1.017	1.031	0.023716526617316	0.014	0.0034877775429591	0	9.672037681398397	0.2341299999999999	1	1	1	0	0	1	0	0	0	0	0	0	1	0	0	0.45383411392772616
0.8675	3.13700922911924e-09	1245959.73	1.019	1.011	1.028	0.0188217542405876	0.0170000000000001	0.0042538844374079	0	8.503484203600737	0.1324999999999999	1	12	3	1	0	0	0	0	0	0	0	0	1	0	0	0.4239878444899921
0.58032	8.18695984246364e-09	1245527.13	1.019	1.012	1.026	0.0188217542405876	0.014	0.0035048918069653	0	8.086877339846085	0.41968	1	2	2	0	0	1	0	0	0	0	0	0	1	0	0	0.2665357817291321
0.97068	1.24430732951489e-09	929575.62	1.075	1.052	1.098	0.072320661579626	0.046	0.0109176604009746	0	8.905072340683684	0.02932	2	2	2	1	0	0	1	0	0	0	0	0	1	0	0	0.4811906130223203
0.02671	4.43692005767181e-08	852423.55	1.075	1.051	1.101	0.072320661579626	0.05	0.0118563178177879	0	7.35291839612563	0.02671	1	2	1	1	0	0	1	0	0	0	0	0	1	0	0	0.037821846194867184
0.94914	2.27919575227555e-08	1048971.19	1.046	1.03	1.061	0.0449733656427311	0.0309999999999999	0.0075645554567095	0	7.642218373160036	0.05086	2	6	3	1	0	1	0	0	0	0	0	0	1	0	0	0.29842261408581583
0.74908	4.20129011046896e-08	1244787.16	1.019	1.012	1.026	0.0188217542405876	0.014	0.0035048918069653	0	7.376617328215491	0.25092	1	4	2	1	0	0	0	0	0	0	0	0	1	0	0	0.022733377593267646
0.7469	4.01715935309697e-10	1200141.63	1.024	1.017	1.031	0.023716526617316	0.014	0.0034877775429591	0	9.39608094028774	0.2531	1	3	1	1	0	0	0	1	0	0	0	0	1	0	0	0.16366323303323022
0.92836	2.06834068301093e-08	1246658.15	1.035	1.024	1.046	0.0344014267173323	0.022	0.0054226630166875	0	7.68437792565264	0.07164	0	0	0	0	1	0	0	0	0	0	0	0	0	0	0	0.011147962791203978
0.15389	2.88382352722013e-12	1244731.83	1.03	1.022	1.038	0.0295588022415444	0.016	0.0039628298372918	0	11.540031319368506	0.15389	0	0	0	0	1	0	0	0	0	0	0	0	0	0	0	0.011329110115508788
0.97534	4.08084598287466e-15	326457.64	1.189	1.142	1.237	0.1731126177086448	0.0950000000000002	0.020384689330748	0	14.389249795829492	0.02466	2	3	2	1	0	0	0	0	0	0	0	0	1	0	1	0.7031498475806589
0.63925	3.69117975361261e-15	1244047.5	1.025	1.019	1.031	0.0246926125903714	0.012	0.0029865945903661	0	14.43283480495303	0.36075	1	7	3	1	0	0	1	0	0	0	0	0	1	0	0	0.16939922359370554
0.94976	2.8836296790111e-08	1226231.27	1.042	1.027	1.057	0.0411419433311752	0.03	0.0073450959034896	0	7.540060513262077	0.0502399999999999	2	5	2	0	0	1	1	0	0	0	0	0	1	0	1	0.5413939590296152
0.08842	1.1021165072996e-08	1100641.39	1.036	1.025	1.048	0.0353671438372913	0.0230000000000001	0.0056609625786936	0	7.957772492777535	0.08842	1	1	1	1	0	0	0	0	0	0	0	0	1	0	0	0.09059302896856393
0.53119	3.11307778744728e-13	1243011.77	1.026	1.019	1.032	0.0256677467485778	0.0130000000000001	0.0032339063313222	0	12.50681002733	0.4688099999999999	1	1	1	1	0	0	0	0	0	0	0	0	1	0	0	0.018770207959688267
0.84267	1.34409350812256e-15	1242869.8	1.035	1.026	1.043	0.0344014267173323	0.0169999999999999	0.0041922013444024	0	14.871570516513597	0.1573299999999999	0	0	0	0	1	0	0	0	0	0	0	0	0	0	0	0.017476948007251785
0.26424	1.51815089003044e-12	1236205.36	1.013	1.006	1.02	0.0129162252665462	0.014	0.0035256519435286	0	11.818685061476826	0.26424	2	4	3	1	0	0	0	0	0	0	0	0	1	0	0	0.16087390533175316
0.25665	1.09266668122305e-60	1227594.93	1.057	1.05	1.064	0.0554347068881005	0.014	0.0033788843750052	0	59.96151229969956	0.25665	1	10	4	1	0	0	1	0	0	0	0	0	1	0	0	0.3133888859214261
0.85709	7.471330457791819e-42	1230340.84	1.058	1.049	1.066	0.0563803334361076	0.0170000000000001	0.0041010194718093	0	41.12660205427195	0.1429099999999999	2	7	2	0	0	0	1	0	0	0	0	0	1	1	1	0.750992784306723
0.88669	2.12356074813057e-09	1244147.5	1.03	1.02	1.039	0.0295588022415444	0.0189999999999999	0.0047081849032935	0	8.672935310750283	0.11331	0	0	0	0	1	0	0	0	0	0	0	0	0	0	0	0.02112362336831764
0.01608	6.479044308816009e-09	862390.44	1.084	1.055	1.115	0.0806579030174545	0.06	0.0141106219347072	0	8.188489049996255	0.01608	1	2	1	1	0	0	0	0	0	0	0	0	1	0	0	0.1718424611400796
0.64369	1.4302372985023902e-15	1246658.15	1.026	1.02	1.032	0.0256677467485778	0.012	0.002983683613059	0	14.844591900380903	0.35631	0	0	0	0	1	0	0	0	0	0	0	0	0	0	0	0.0049441913179541315
0.4985	8.27599864446072e-10	1242261.8	1.017	1.011	1.022	0.0168571170664228	0.0110000000000001	0.0027605999344842	0	9.082179589140097	0.4985	2	14	3	1	0	1	0	0	0	0	0	0	1	0	0	0.05091697631786512
0.7114400000000001	8.26589764799899e-12	1239825.19	1.023	1.016	1.029	0.0227394869694893	0.0129999999999999	0.0032433948203118	0	11.082709976647395	0.2885599999999999	1	9	2	1	0	0	0	0	0	0	0	0	1	0	0	0.12881918873303266
0.52402	2.4965893579409096e-11	1246658.15	1.021	1.015	1.027	0.0207825391825284	0.012	0.0029982955236404	0	10.602652885060047	0.4759799999999999	0	0	0	0	1	0	0	0	0	0	0	0	0	0	0	0.0023051868122123597
0.03425	9.31934838231762e-09	1235141.45	1.051	1.034	1.068	0.049742091894814	0.034	0.0082533072581035	0	8.030614452866741	0.03425	1	1	1	1	0	0	0	0	0	0	0	0	1	0	0	0.08469150710770652
0.49934	2.14736926215292e-11	1244772.45	1.019	1.013	1.025	0.0188217542405876	0.012	0.0030041804397513	0	10.668093267754672	0.49934	1	6	3	1	0	1	0	0	0	0	0	0	1	0	0	0.058918200060658545
0.07486	2.5040803637018e-09	1009438.61	1.042	1.03	1.055	0.0411419433311752	0.0249999999999999	0.0061178481343074	0	8.601351737381663	0.07486	0	0	0	0	1	0	0	0	0	0	0	0	0	0	0	0.02434763913112005
0.47756	2.59978260641951e-12	1239406.05	1.022	1.015	1.029	0.0217614917815127	0.014	0.0034946031525923	0	11.58506296617522	0.47756	0	0	0	0	0	0	0	0	0	1	0	0	0	0	0	0.0022717042522188225
0.7224999999999999	1.2729158124349e-09	1237348.07	1.021	1.015	1.028	0.0207825391825284	0.0130000000000001	0.003246570035516	0	8.895200318580445	0.2775000000000001	2	3	1	1	0	0	0	0	0	0	0	0	1	0	0	0.050175837511695826
0.57894	2.85285203763614e-09	1244787.16	1.019	1.013	1.025	0.0188217542405876	0.012	0.0030041804397513	0	8.544720752319272	0.42106	1	2	1	1	0	1	0	0	0	0	0	0	1	0	0	0.01875147459449278
0.72448	5.6104259984212404e-21	1245959.73	1.032	1.025	1.039	0.031498667059371	0.014	0.0034607396751833	0	20.25100416160665	0.27552	0	0	0	0	1	0	0	0	0	0	0	0	0	0	0	0.007879204170253336
0.7491099999999999	5.86848434121799e-09	1246658.15	1.02	1.014	1.027	0.0198026272961797	0.0129999999999999	0.003249751473834	0	8.231474049900694	0.25089	0	0	0	0	1	0	0	0	0	0	0	0	0	0	0	0.007610662046025493
0.29925	8.69031657283938e-20	1244074.03	1.028	1.022	1.034	0.0276151670329733	0.012	0.0029778786491644	0	19.06096440268447	0.29925	0	0	0	0	1	0	0	0	0	0	0	0	0	0	0	0.005258494458431551
0.79592	7.70902475325821e-09	1240657.14	1.02	1.012	1.027	0.0198026272961797	0.0149999999999999	0.0037534081839661	0	8.113000559830757	0.20408	1	15	3	1	0	0	0	0	0	0	0	0	1	0	0	0.2860052223274521
0.16499	1.25769891187887e-08	1017051.94	1.027	1.019	1.036	0.026641930946421	0.0170000000000001	0.0042207626522203	0	7.900423314820913	0.16499	0	0	0	0	1	0	0	0	0	0	0	0	0	0	0	0.010034058856492549
0.87881	1.4857261624350399e-69	1245904.4	1.084	1.075	1.095	0.0806579030174545	0.02	0.0047024749206219	0	68.82806122900243	0.12119	2	13	3	1	0	1	0	0	0	0	0	0	1	0	0	0.28670740118386745
0.5158	3.69541004974935e-08	1241192.76	1.01	1.004	1.017	0.009950330853168	0.0129999999999999	0.0032819121930829	0	7.432337364451048	0.4841999999999999	2	5	3	1	0	0	0	0	0	0	0	0	1	0	0	0.010858914637436747
0.9797	2.31052724675959e-08	999812.68	1.079	1.054	1.105	0.0760346862759975	0.0509999999999999	0.012054307359833	0	7.636288905722394	0.0202999999999999	2	4	1	1	0	0	0	0	0	0	0	0	1	0	0	0.10762406948969887
0.48214	1.06119939594584e-18	1245205.98	1.027	1.021	1.033	0.026641930946421	0.012	0.00298077830484	0	17.974203005898023	0.48214	2	3	2	0	0	1	1	0	0	0	0	0	1	0	0	0.2240509214016193
0.51616	4.87480160418181e-08	1228978.16	1.018	1.012	1.024	0.017839918128331	0.012	0.0030071315693985	0	7.312043054624393	0.48384	0	0	0	0	1	0	0	0	0	0	0	0	0	0	0	0.00021908224456937883
0.29756	7.5226753770421e-25	1245205.98	1.034	1.028	1.041	0.0334347760862374	0.0129999999999999	0.0032057710713924	0	24.123627678710008	0.29756	2	6	4	1	0	0	1	0	0	0	0	0	1	0	0	0.26801219490658484
0.39936	5.5725268572352e-28	1242695.33	1.034	1.028	1.04	0.0334347760862374	0.012	0.0029605985000785	0	27.253947829725977	0.39936	1	9	3	1	0	1	1	0	1	0	0	0	1	0	0	0.4313889799428786
0.68547	4.22872472702167e-12	1245179.45	1.024	1.017	1.03	0.023716526617316	0.0130000000000001	0.00324022580998	0	11.37379058475769	0.31453	1	14	3	1	0	0	0	0	0	0	0	0	1	0	0	0.21935823536348306
0.38925	3.3634185660395394e-11	1242965.17	1.022	1.016	1.028	0.0217614917815127	0.012	0.0029953617032355	0	10.473219082845992	0.38925	1	3	2	1	0	1	0	0	0	0	0	0	1	0	0	0.048083546550775
0.86208	5.25090106569088e-16	1244018.7	1.04	1.03	1.049	0.0392207131532813	0.0189999999999999	0.0046628895848509	0	15.279766164350402	0.13792	1	1	1	0	0	0	1	0	0	0	0	0	1	0	1	0.6599934540864465
