Index_SNV	Locus	Chromosome	Position_b37	Risk_Allele	Other_Allele	Risk_Allele_Frequency	OR	MR_MEGA_Association_P	neg_log10_P	MAF	MAF_category	Primary_gene	Primary_biotype	Most_severe_consequence	Has_protein_altering	Predicted_label	Protein_altering_probability	Candidate_Category	T2D_GWAS_Evidence	Gene_T2D_Evidence	Functional_Evidence	Independent_Replication	Previous_Report_Status	Biological_Evidence_Level	Biological_Interpretation	Validation_Group	Probability_band	GWAS_evidence_band	Total_GWAS_Associations	Direct_T2D_Associations	Glycemic_Associations	Metabolic_Associations	Lipid_Cardiovascular_Associations	Has_Direct_T2D_Evidence	Has_Glycemic_Evidence	Has_Metabolic_Evidence	Has_Lipid_Cardiovascular_Evidence	Has_T2D_Related_Evidence	External_GWAS_Evidence_Score	External_Evidence_Tier	External_GWAS_Rank	ML_Evidence_Score	Functional_Evidence_Score	GWAS_Significance_Score	Direct_T2D_Evidence_Score	Related_Metabolic_Evidence_Score	Integrated_Evidence_Score	Integrated_Evidence_Tier	Integrated_Evidence_Rank
rs429358	RN7SL836P, EML2, TOMM40, APOE, GIPR 	19	45411941	T	C	0.85709	1.058	7.471330457791819e-42	41.12660205427195	0.1429099999999999	Common	APOE	protein_coding	missense_variant	1	1	0.750992784306723	True_Positive								True_Positive	High_0.75-0.899	Very_strong_20-49.99	1418	12	10	21	344	1	1	1	1	1	32.04406192945079	Tier_1_Strong_T2D_related	1	0.750992784306723	0.9	0.822532041085439	0.8874115761940965	1.0	0.8579808962880208	Tier_1_High_Priority	1
rs5215	KCNJ11, ABCC8 	11	17408630	C	T	0.3499	1.069	1.39797973714948e-107	106.85449912337428	0.3499	Common	KCNJ11	protein_coding	missense_variant	1	0	0.3736298210790948	False_Negative								False_Negative	Low_<0.50	Extreme_>=50	21	17	2	2	0	1	1	1	0	1	19.94492023282137	Tier_1_Strong_T2D_related	2	0.3736298210790948	0.9	1.0	1.0	0.26673688362462233	0.7450811436322359	Tier_2_Strong_Candidate	2
rs3824004	GRM8, GCC1, PAX4, LEP	7	127253551	T	G	0.01305	1.271	3.79132642161938e-41	40.42120882253605	0.01305	Low_frequency	PAX4	protein_coding	missense_variant	1	1	0.9605511594285896	True_Positive								True_Positive	Very_high_>=0.90	Very_strong_20-49.99	2	2	0	0	0	1	0	0	0	1	5.493061443340549	Tier_2_Replicated_T2D	9	0.9605511594285896	0.9	0.8084241764507211	0.3800937667159343	0.0	0.6814248580037391	Tier_2_Strong_Candidate	3
rs12140153	PATJ, INADL	1	62579891	G	T	0.92837	1.049	1.08616181135804e-13	12.964105470746146	0.0716299999999999	Common	INADL	protein_coding	missense_variant	1	1	0.979586661526956	True_Positive								True_Positive	Very_high_>=0.90	Strong_10-19.99	65	3	0	27	4	1	0	1	1	1	15.20531873838396	Tier_1_Strong_T2D_related	4	0.979586661526956	0.9	0.2592821094149229	0.4796249331362629	0.40108080923909006	0.6688032960019522	Tier_2_Strong_Candidate	4
rs3734618	ZFAND3, KCNK16, KCNK17, GLP1R, USP49, LRFN2 	6	39284184	G	A	0.51942	1.032	3.21713251230606e-32	31.49253105032648	0.48058	Common	KCNK16	protein_coding	stop_gained	1	1	0.8128385617092156	True_Positive								True_Positive	High_0.75-0.899	Very_strong_20-49.99	5	3	0	0	0	1	0	0	0	1	6.931471805599453	Tier_2_Replicated_T2D	7	0.8128385617092156	1.0	0.6298506210065296	0.4796249331362629	0.0	0.6675934668623491	Tier_2_Strong_Candidate	5
rs671	BRAP, SH2B3, ALDH2, PTPN11, HECTD4 	12	112241766	G	A	0.93016	1.048	1.39835626475278e-14	13.8543821675712	0.06984	Common	ALDH2	protein_coding	missense_variant	1	1	0.9912902864739122	True_Positive								True_Positive	Very_high_>=0.90	Strong_10-19.99	143	1	5	10	12	1	1	1	1	1	16.20175421354217	Tier_3_T2D_plus_related	3	0.9912902864739122	0.9	0.277087643351424	0.23981246656813146	0.6459053249711599	0.6389293672603406	Tier_3_Promising_Candidate	6
rs33959228	ZNF76 	6	35259397	C	T	0.98227	1.101	1.73214010460557e-14	13.761416982875126	0.01773	Low_frequency	ZNF76	nonsense_mediated_decay	missense_variant	1	1	0.993367821553114	True_Positive								True_Positive	Very_high_>=0.90	Strong_10-19.99	5	2	0	0	0	1	0	0	0	1	5.493061443340549	Tier_2_Replicated_T2D	9	0.993367821553114	0.9	0.27522833965750254	0.3800937667159343	0.0	0.6096496480158875	Tier_2_Strong_Candidate	7
rs12437434	NYNRIN 	14	24878370	C	T	0.92758	1.046	2.47749394814683e-12	11.605987397706318	0.07242	Common	NYNRIN	protein_coding	missense_variant	1	1	0.8286822056049042	True_Positive								True_Positive	High_0.75-0.899	Strong_10-19.99	2	2	0	0	0	1	0	0	0	1	5.493061443340549	Tier_2_Replicated_T2D	9	0.8286822056049042	0.9	0.23211974795412638	0.3800937667159343	0.0	0.5620119552733286	Tier_2_Strong_Candidate	8
rs35042446	MACF1	1	40703244	A	G	0.02722	1.066	4.08415833991232e-08	7.388897428970739	0.02722	Low_frequency	RLF	protein_coding	missense_variant	1	1	0.901668920328454	True_Positive								True_Positive	Very_high_>=0.90	Genome_wide_7.3-9.99	4	1	0	3	0	1	0	1	0	1	6.238324625039508	Tier_3_T2D_plus_related	8	0.901668920328454	0.9	0.1477779485794148	0.23981246656813146	0.1262191771902761	0.5451589567300863	Tier_3_Promising_Candidate	9
rs73541251	GP2	16	20331737	G	C	0.07061	1.033	8.49449964240336e-16	15.070862197600473	0.07061	Common	GP2	protein_coding	synonymous_variant	0	1	0.9999076623225164	High_Confidence_False_Positive								High_Confidence_False_Positive	Very_high_>=0.90	Strong_10-19.99	3	2	0	0	0	1	0	0	0	1	5.493061443340549	Tier_2_Replicated_T2D	9	0.9999076623225164	0.2	0.3014172439520095	0.3800937667159343	0.0	0.4402129438524141	Tier_3_Promising_Candidate	10
rs1044531	COL27A1 	9	117098650	C	T	0.08011	1.042	7.36934259742772e-10	9.13257125285246	0.08011	Common	AKNA	protein_coding	3_prime_UTR_variant	0	1	0.9695613598712748	High_Confidence_False_Positive								High_Confidence_False_Positive	Very_high_>=0.90	Genome_wide_7.3-9.99	18	1	0	1	14	1	0	1	1	1	7.560080465021826	Tier_3_T2D_plus_related	6	0.9695613598712748	0.2	0.18265142505704918	0.23981246656813146	0.22748442737851637	0.4024896131062606	Tier_3_Promising_Candidate	11
rs5997539	MTMR3, ASCC2, ZNRF3, CTA-85E5.10 	22	30237706	G	A	0.90017	1.04	7.01127336262239e-21	20.154203099845173	0.0998299999999999	Common	ASCC2	protein_coding	upstream_gene_variant	0	1	0.9694825684851472	High_Confidence_False_Positive								High_Confidence_False_Positive	Very_high_>=0.90	Very_strong_20-49.99	1	1	0	0	0	1	0	0	0	1	3.4657359027997265	Tier_4_Direct_T2D_only	13	0.9694825684851472	0.15	0.40308406199690344	0.23981246656813146	0.0	0.40028636806285517	Tier_3_Promising_Candidate	12
rs2279440	SETD5 	3	9518511	T	C	0.13429	1.032	2.36818164402492e-15	14.625584989460847	0.13429	Common	SETD5	protein_coding	3_prime_UTR_variant	0	1	0.8976813212847541	High_Confidence_False_Positive								High_Confidence_False_Positive	High_0.75-0.899	Strong_10-19.99	4	1	1	2	0	1	1	1	0	1	7.742402021815781	Tier_3_T2D_plus_related	5	0.8976813212847541	0.2	0.29251169978921693	0.23981246656813146	0.20520897901779678	0.3987710998333836	Tier_3_Promising_Candidate	13
rs1048155	ITPR2, RP11-283G6.4 	12	26273088	G	C	0.58784	1.017	1.5912195872710202e-09	8.798269883860895	0.4121599999999999	Common	BHLHE41	protein_coding	3_prime_UTR_variant	0	1	0.9267495092778658	High_Confidence_False_Positive								High_Confidence_False_Positive	Very_high_>=0.90	Genome_wide_7.3-9.99	2	1	0	0	0	1	0	0	0	1	3.4657359027997265	Tier_4_Direct_T2D_only	13	0.9267495092778658	0.2	0.1759653976772179	0.23981246656813146	0.0	0.368035303613082	Tier_3_Promising_Candidate	14
rs35632228	LMX1B	9	129460727	A	G	0.16977	1.026	2.21611592492357e-09	8.65440752542474	0.16977	Common	LMX1B	protein_coding	3_prime_UTR_variant	0	1	0.9101372292710632	High_Confidence_False_Positive								High_Confidence_False_Positive	Very_high_>=0.90	Genome_wide_7.3-9.99	1	1	0	0	0	1	0	0	0	1	3.4657359027997265	Tier_4_Direct_T2D_only	13	0.9101372292710632	0.2	0.1730881505084948	0.23981246656813146	0.0	0.36345064653607284	Tier_3_Promising_Candidate	15
rs140778879	BTAF1, MYOF, HHEX, IDE 	10	94336585	C	G	0.97404	1.073	9.22816731961155e-10	9.034884539711712	0.0259599999999999	Low_frequency	IDE	protein_coding	upstream_gene_variant	0	1	0.9018341774841132	High_Confidence_False_Positive								High_Confidence_False_Positive	Very_high_>=0.90	Genome_wide_7.3-9.99	1	1	0	0	0	1	0	0	0	1	3.4657359027997265	Tier_4_Direct_T2D_only	13	0.9018341774841132	0.15	0.18069769079423423	0.23981246656813146	0.0	0.35001631463219623	Tier_3_Promising_Candidate	16
rs17857291	AOC1	7	150812683	G	A	0.75485	1.021	4.68160923309646e-08	7.3296048390358814	0.2451499999999999	Common	AGAP3	protein_coding	missense_variant	1	0	0.1034965437534494	False_Negative								False_Negative	Low_<0.50	Genome_wide_7.3-9.99	1	1	0	0	0	1	0	0	0	1	3.4657359027997265	Tier_4_Direct_T2D_only	13	0.1034965437534494	0.9	0.14659209678071763	0.23981246656813146	0.0	0.33281606709750283	Tier_3_Promising_Candidate	17
