Index_SNV	Locus	Chromosome	Position_b37	Risk_Allele	Other_Allele	Risk_Allele_Frequency	OR	MR_MEGA_Association_P	neg_log10_P	MAF	MAF_category	Primary_gene	Primary_biotype	Most_severe_consequence	Has_protein_altering	Predicted_label	Protein_altering_probability	Candidate_Category
rs73541251	GP2	16	20331737	G	C	0.07061	1.033	8.49449964240336e-16	15.070862197600473	0.07061	Common	GP2	protein_coding	synonymous_variant	0	1	0.9999076623225164	High_Confidence_False_Positive
rs33959228	ZNF76 	6	35259397	C	T	0.98227	1.101	1.73214010460557e-14	13.761416982875126	0.01773	Low_frequency	ZNF76	nonsense_mediated_decay	missense_variant	1	1	0.993367821553114	True_Positive
rs671	BRAP, SH2B3, ALDH2, PTPN11, HECTD4 	12	112241766	G	A	0.93016	1.048	1.3983562647527801e-14	13.8543821675712	0.06984	Common	ALDH2	protein_coding	missense_variant	1	1	0.9912902864739122	True_Positive
rs12140153	PATJ, INADL	1	62579891	G	T	0.92837	1.049	1.08616181135804e-13	12.964105470746146	0.0716299999999999	Common	INADL	protein_coding	missense_variant	1	1	0.979586661526956	True_Positive
rs1044531	COL27A1 	9	117098650	C	T	0.08011	1.042	7.36934259742772e-10	9.13257125285246	0.08011	Common	AKNA	protein_coding	3_prime_UTR_variant	0	1	0.9695613598712748	High_Confidence_False_Positive
rs5997539	MTMR3, ASCC2, ZNRF3, CTA-85E5.10 	22	30237706	G	A	0.90017	1.04	7.01127336262239e-21	20.154203099845173	0.0998299999999999	Common	ASCC2	protein_coding	upstream_gene_variant	0	1	0.9694825684851472	High_Confidence_False_Positive
rs3824004	GRM8, GCC1, PAX4, LEP	7	127253551	T	G	0.01305	1.271	3.79132642161938e-41	40.42120882253605	0.01305	Low_frequency	PAX4	protein_coding	missense_variant	1	1	0.9605511594285896	True_Positive
rs1048155	ITPR2, RP11-283G6.4 	12	26273088	G	C	0.58784	1.017	1.5912195872710202e-09	8.798269883860895	0.4121599999999999	Common	BHLHE41	protein_coding	3_prime_UTR_variant	0	1	0.9267495092778658	High_Confidence_False_Positive
rs35632228	LMX1B	9	129460727	A	G	0.16977	1.026	2.21611592492357e-09	8.65440752542474	0.16977	Common	LMX1B	protein_coding	3_prime_UTR_variant	0	1	0.9101372292710632	High_Confidence_False_Positive
rs140778879	BTAF1, MYOF, HHEX, IDE 	10	94336585	C	G	0.97404	1.073	9.22816731961155e-10	9.034884539711712	0.0259599999999999	Low_frequency	IDE	protein_coding	upstream_gene_variant	0	1	0.9018341774841132	High_Confidence_False_Positive
rs35042446	MACF1	1	40703244	A	G	0.02722	1.066	4.08415833991232e-08	7.388897428970739	0.02722	Low_frequency	RLF	protein_coding	missense_variant	1	1	0.901668920328454	True_Positive
rs2279440	SETD5 	3	9518511	T	C	0.13429	1.032	2.36818164402492e-15	14.625584989460847	0.13429	Common	SETD5	protein_coding	3_prime_UTR_variant	0	1	0.8976813212847541	High_Confidence_False_Positive
rs12437434	NYNRIN 	14	24878370	C	T	0.92758	1.046	2.47749394814683e-12	11.605987397706318	0.07242	Common	NYNRIN	protein_coding	missense_variant	1	1	0.8286822056049042	True_Positive
rs3734618	ZFAND3, KCNK16, KCNK17, GLP1R, USP49, LRFN2 	6	39284184	G	A	0.51942	1.032	3.21713251230606e-32	31.49253105032648	0.48058	Common	KCNK16	protein_coding	stop_gained	1	1	0.8128385617092156	True_Positive
rs429358	RN7SL836P, EML2, TOMM40, APOE, GIPR 	19	45411941	T	C	0.85709	1.058	7.471330457791819e-42	41.12660205427195	0.1429099999999999	Common	APOE	protein_coding	missense_variant	1	1	0.750992784306723	True_Positive
rs5215	KCNJ11, ABCC8 	11	17408630	C	T	0.3499	1.069	1.39797973714948e-107	106.85449912337428	0.3499	Common	KCNJ11	protein_coding	missense_variant	1	0	0.3736298210790948	False_Negative
rs17857291	AOC1	7	150812683	G	A	0.75485	1.021	4.68160923309646e-08	7.3296048390358814	0.2451499999999999	Common	AGAP3	protein_coding	missense_variant	1	0	0.1034965437534494	False_Negative
