SNP	Most_severe_consequence	Gene_symbol	Gene_ID	Transcript_ID	Consequence	Impact	Biotype	Exon	Protein_position	Amino_acids
rs10088883	intron_variant	SLC30A8		ENST00000427715	intron_variant	MODIFIER	protein_coding			
rs10088883	intron_variant	RP11-654G14.1		ENST00000518439	intron_variant,non_coding_transcript_variant	MODIFIER	sense_intronic			
rs10088883	intron_variant	SLC30A8		ENST00000521035	intron_variant,non_coding_transcript_variant	MODIFIER	processed_transcript			
rs10088883	intron_variant	SLC30A8		ENST00000521243	intron_variant	MODIFIER	protein_coding			
rs10088883	intron_variant	SLC30A8		ENST00000524274	intron_variant	MODIFIER	protein_coding			
rs10096860	intergenic_variant				intergenic_variant					
rs10113902	intron_variant	FIBCD1		ENST00000253018	intron_variant	MODIFIER	protein_coding			
rs10113902	intron_variant	FIBCD1		ENST00000253018	intron_variant	MODIFIER	protein_coding			
rs10113902	intron_variant	FIBCD1		ENST00000372337	intron_variant	MODIFIER	protein_coding			
rs10113902	intron_variant	FIBCD1		ENST00000372337	intron_variant	MODIFIER	protein_coding			
rs10113902	intron_variant	FIBCD1		ENST00000372338	intron_variant	MODIFIER	protein_coding			
rs10113902	intron_variant	FIBCD1		ENST00000372338	intron_variant	MODIFIER	protein_coding			
rs10113902	intron_variant	FIBCD1		ENST00000444139	intron_variant	MODIFIER	protein_coding			
rs10113902	intron_variant	FIBCD1		ENST00000444139	intron_variant	MODIFIER	protein_coding			
rs10113902	intron_variant	FIBCD1		ENST00000448616	intron_variant	MODIFIER	protein_coding			
rs10113902	intron_variant	FIBCD1		ENST00000448616	intron_variant	MODIFIER	protein_coding			
rs10113902	intron_variant	FIBCD1		ENST00000451466	intron_variant	MODIFIER	protein_coding			
rs10113902	intron_variant	FIBCD1		ENST00000451466	intron_variant	MODIFIER	protein_coding			
rs10116566	intron_variant	ZNF618		ENST00000288466	intron_variant	MODIFIER	protein_coding			
rs10116566	intron_variant	ZNF618		ENST00000288466	intron_variant	MODIFIER	protein_coding			
rs10116566	intron_variant	ZNF618		ENST00000374124	intron_variant	MODIFIER	protein_coding			
rs10116566	intron_variant	ZNF618		ENST00000374124	intron_variant	MODIFIER	protein_coding			
rs10116566	intron_variant	ZNF618		ENST00000374126	intron_variant	MODIFIER	protein_coding			
rs10116566	intron_variant	ZNF618		ENST00000374126	intron_variant	MODIFIER	protein_coding			
rs10116566	intron_variant	ZNF618		ENST00000452710	intron_variant	MODIFIER	protein_coding			
rs10116566	intron_variant	ZNF618		ENST00000452710	intron_variant	MODIFIER	protein_coding			
rs10116566	intron_variant	ZNF618		ENST00000481558	intron_variant,non_coding_transcript_variant	MODIFIER	processed_transcript			
rs10116566	intron_variant	ZNF618		ENST00000481558	intron_variant,non_coding_transcript_variant	MODIFIER	processed_transcript			
rs10121760	intron_variant	C9orf3		ENST00000297979	intron_variant	MODIFIER	protein_coding			
rs10121760	intron_variant	C9orf3		ENST00000297979	intron_variant	MODIFIER	protein_coding			
rs10121760	intron_variant	C9orf3		ENST00000375315	intron_variant	MODIFIER	protein_coding			
rs10121760	intron_variant	C9orf3		ENST00000375315	intron_variant	MODIFIER	protein_coding			
rs10121760	intron_variant	C9orf3		ENST00000424143	intron_variant	MODIFIER	protein_coding			
rs10121760	intron_variant	C9orf3		ENST00000424143	intron_variant	MODIFIER	protein_coding			
rs10121760	intron_variant	C9orf3		ENST00000425634	intron_variant	MODIFIER	protein_coding			
rs10121760	intron_variant	C9orf3		ENST00000425634	intron_variant	MODIFIER	protein_coding			
rs10121760	intron_variant	C9orf3		ENST00000428313	intron_variant	MODIFIER	protein_coding			
rs10121760	intron_variant	C9orf3		ENST00000428313	intron_variant	MODIFIER	protein_coding			
rs10121760	intron_variant	C9orf3		ENST00000433691	intron_variant	MODIFIER	protein_coding			
rs10121760	intron_variant	C9orf3		ENST00000433691	intron_variant	MODIFIER	protein_coding			
rs10121760	intron_variant	C9orf3		ENST00000445181	intron_variant	MODIFIER	protein_coding			
rs10121760	intron_variant	C9orf3		ENST00000445181	intron_variant	MODIFIER	protein_coding			
rs10121760	intron_variant	C9orf3		ENST00000462125	intron_variant,non_coding_transcript_variant	MODIFIER	processed_transcript			
rs10121760	intron_variant	C9orf3		ENST00000462125	intron_variant,non_coding_transcript_variant	MODIFIER	processed_transcript			
rs10121760	intron_variant	C9orf3		ENST00000463372	intron_variant,non_coding_transcript_variant	MODIFIER	processed_transcript			
rs10121760	intron_variant	C9orf3		ENST00000463372	intron_variant,non_coding_transcript_variant	MODIFIER	processed_transcript			
rs10121760	intron_variant	C9orf3		ENST00000468164	intron_variant,non_coding_transcript_variant	MODIFIER	processed_transcript			
rs10121760	intron_variant	C9orf3		ENST00000468164	intron_variant,non_coding_transcript_variant	MODIFIER	processed_transcript			
rs10121760	intron_variant	C9orf3		ENST00000471978	intron_variant,non_coding_transcript_variant	MODIFIER	processed_transcript			
rs10121760	intron_variant	C9orf3		ENST00000471978	intron_variant,non_coding_transcript_variant	MODIFIER	processed_transcript			
rs10121760	intron_variant	C9orf3		ENST00000478473	intron_variant,NMD_transcript_variant	MODIFIER	nonsense_mediated_decay			
rs10121760	intron_variant	C9orf3		ENST00000478473	intron_variant,NMD_transcript_variant	MODIFIER	nonsense_mediated_decay			
rs10121760	intron_variant	C9orf3		ENST00000479161	intron_variant,non_coding_transcript_variant	MODIFIER	processed_transcript			
rs10121760	intron_variant	C9orf3		ENST00000479161	intron_variant,non_coding_transcript_variant	MODIFIER	processed_transcript			
rs10121760	intron_variant	C9orf3		ENST00000489562	intron_variant,non_coding_transcript_variant	MODIFIER	processed_transcript			
rs10121760	intron_variant	C9orf3		ENST00000489562	intron_variant,non_coding_transcript_variant	MODIFIER	processed_transcript			
rs10147577	intergenic_variant				intergenic_variant					
rs10152999	intron_variant	RP11-624L4.1		ENST00000558209	intron_variant,non_coding_transcript_variant	MODIFIER	antisense			
rs10152999	intron_variant	RP11-624L4.1		ENST00000558209	intron_variant,non_coding_transcript_variant	MODIFIER	antisense			
rs10152999	intron_variant	RP11-624L4.1		ENST00000559318	intron_variant,non_coding_transcript_variant	MODIFIER	antisense			
rs10152999	intron_variant	RP11-624L4.1		ENST00000559318	intron_variant,non_coding_transcript_variant	MODIFIER	antisense			
rs10152999	intron_variant	RP11-624L4.1		ENST00000560484	intron_variant,non_coding_transcript_variant	MODIFIER	antisense			
rs10152999	intron_variant	RP11-624L4.1		ENST00000560484	intron_variant,non_coding_transcript_variant	MODIFIER	antisense			
rs1022736	intron_variant	TRMT61A		ENST00000299202	intron_variant	MODIFIER	protein_coding			
rs1022736	intron_variant	TRMT61A		ENST00000299202	intron_variant	MODIFIER	protein_coding			
rs1022736	intron_variant	TRMT61A		ENST00000389749	intron_variant	MODIFIER	protein_coding			
rs1022736	intron_variant	TRMT61A		ENST00000389749	intron_variant	MODIFIER	protein_coding			
rs1022736	intron_variant	RP11-600F24.7		ENST00000568177	upstream_gene_variant	MODIFIER	antisense			
rs1022736	intron_variant	RP11-600F24.7		ENST00000568177	upstream_gene_variant	MODIFIER	antisense			
rs1029016	intron_variant	BNC2		ENST00000380666	intron_variant	MODIFIER	protein_coding			
rs1029016	intron_variant	BNC2		ENST00000380666	intron_variant	MODIFIER	protein_coding			
rs1029016	intron_variant	BNC2		ENST00000380666	intron_variant	MODIFIER	protein_coding			
rs1029016	intron_variant	BNC2		ENST00000380667	intron_variant	MODIFIER	protein_coding			
rs1029016	intron_variant	BNC2		ENST00000380667	intron_variant	MODIFIER	protein_coding			
rs1029016	intron_variant	BNC2		ENST00000380667	intron_variant	MODIFIER	protein_coding			
rs1029016	intron_variant	BNC2		ENST00000380672	intron_variant	MODIFIER	protein_coding			
rs1029016	intron_variant	BNC2		ENST00000380672	intron_variant	MODIFIER	protein_coding			
rs1029016	intron_variant	BNC2		ENST00000380672	intron_variant	MODIFIER	protein_coding			
rs1029016	intron_variant	BNC2		ENST00000418777	intron_variant	MODIFIER	protein_coding			
rs1029016	intron_variant	BNC2		ENST00000418777	intron_variant	MODIFIER	protein_coding			
rs1029016	intron_variant	BNC2		ENST00000418777	intron_variant	MODIFIER	protein_coding			
rs1029016	intron_variant	BNC2		ENST00000468187	intron_variant	MODIFIER	protein_coding			
rs1029016	intron_variant	BNC2		ENST00000468187	intron_variant	MODIFIER	protein_coding			
rs1029016	intron_variant	BNC2		ENST00000468187	intron_variant	MODIFIER	protein_coding			
rs1029016	intron_variant	BNC2		ENST00000471301	intron_variant	MODIFIER	protein_coding			
rs1029016	intron_variant	BNC2		ENST00000471301	intron_variant	MODIFIER	protein_coding			
rs1029016	intron_variant	BNC2		ENST00000471301	intron_variant	MODIFIER	protein_coding			
rs1029016	intron_variant	BNC2		ENST00000484726	intron_variant,NMD_transcript_variant	MODIFIER	nonsense_mediated_decay			
rs1029016	intron_variant	BNC2		ENST00000484726	intron_variant,NMD_transcript_variant	MODIFIER	nonsense_mediated_decay			
rs1029016	intron_variant	BNC2		ENST00000484726	intron_variant,NMD_transcript_variant	MODIFIER	nonsense_mediated_decay			
rs1029016	intron_variant	BNC2		ENST00000486514	intron_variant	MODIFIER	protein_coding			
rs1029016	intron_variant	BNC2		ENST00000486514	intron_variant	MODIFIER	protein_coding			
rs1029016	intron_variant	BNC2		ENST00000486514	intron_variant	MODIFIER	protein_coding			
rs1029016	intron_variant	BNC2		ENST00000545497	intron_variant	MODIFIER	protein_coding			
rs1029016	intron_variant	BNC2		ENST00000545497	intron_variant	MODIFIER	protein_coding			
rs1029016	intron_variant	BNC2		ENST00000545497	intron_variant	MODIFIER	protein_coding			
rs1029016	intron_variant	BNC2		ENST00000603313	intron_variant	MODIFIER	protein_coding			
rs1029016	intron_variant	BNC2		ENST00000603313	intron_variant	MODIFIER	protein_coding			
rs1029016	intron_variant	BNC2		ENST00000603313	intron_variant	MODIFIER	protein_coding			
rs1029016	intron_variant	BNC2		ENST00000603713	intron_variant	MODIFIER	protein_coding			
rs1029016	intron_variant	BNC2		ENST00000603713	intron_variant	MODIFIER	protein_coding			
rs1029016	intron_variant	BNC2		ENST00000603713	intron_variant	MODIFIER	protein_coding			
rs1044531	3_prime_UTR_variant	AKNA		ENST00000223791	3_prime_UTR_variant	MODIFIER	protein_coding			
rs1044531	3_prime_UTR_variant	AKNA		ENST00000307564	3_prime_UTR_variant	MODIFIER	protein_coding			
rs1044531	3_prime_UTR_variant	AKNA		ENST00000374075	3_prime_UTR_variant	MODIFIER	protein_coding			
rs1044531	3_prime_UTR_variant	AKNA		ENST00000374079	3_prime_UTR_variant	MODIFIER	protein_coding			
rs1044531	3_prime_UTR_variant	AKNA		ENST00000374088	3_prime_UTR_variant	MODIFIER	protein_coding			
rs1044531	3_prime_UTR_variant	ORM2		ENST00000412657	downstream_gene_variant	MODIFIER	protein_coding			
rs1044531	3_prime_UTR_variant	ORM2		ENST00000431067	downstream_gene_variant	MODIFIER	protein_coding			
rs1044531	3_prime_UTR_variant	AKNA		ENST00000492875	non_coding_transcript_exon_variant	MODIFIER	processed_transcript			
rs1046521	3_prime_UTR_variant	NRBF2		ENST00000277746	3_prime_UTR_variant	MODIFIER	protein_coding			
rs1046521	3_prime_UTR_variant	NRBF2		ENST00000435510	3_prime_UTR_variant	MODIFIER	protein_coding			
rs10499	3_prime_UTR_variant	ATP2A1		ENST00000357084	3_prime_UTR_variant	MODIFIER	protein_coding			
rs10499	3_prime_UTR_variant	ATP2A1		ENST00000357084	3_prime_UTR_variant	MODIFIER	protein_coding			
rs10499	3_prime_UTR_variant	RABEP2		ENST00000357573	downstream_gene_variant	MODIFIER	protein_coding			
rs10499	3_prime_UTR_variant	RABEP2		ENST00000357573	downstream_gene_variant	MODIFIER	protein_coding			
rs10499	3_prime_UTR_variant	RABEP2		ENST00000358201	downstream_gene_variant	MODIFIER	protein_coding			
rs10499	3_prime_UTR_variant	RABEP2		ENST00000358201	downstream_gene_variant	MODIFIER	protein_coding			
rs10499	3_prime_UTR_variant	ATP2A1		ENST00000395503	3_prime_UTR_variant	MODIFIER	protein_coding			
rs10499	3_prime_UTR_variant	ATP2A1		ENST00000395503	3_prime_UTR_variant	MODIFIER	protein_coding			
rs10499	3_prime_UTR_variant	ATP2A1		ENST00000536376	3_prime_UTR_variant	MODIFIER	protein_coding			
rs10499	3_prime_UTR_variant	ATP2A1		ENST00000536376	3_prime_UTR_variant	MODIFIER	protein_coding			
rs10499	3_prime_UTR_variant	RABEP2		ENST00000544477	downstream_gene_variant	MODIFIER	protein_coding			
rs10499	3_prime_UTR_variant	RABEP2		ENST00000544477	downstream_gene_variant	MODIFIER	protein_coding			
rs10499	3_prime_UTR_variant	ATP2A1		ENST00000564112	downstream_gene_variant	MODIFIER	protein_coding			
rs10499	3_prime_UTR_variant	ATP2A1		ENST00000564112	downstream_gene_variant	MODIFIER	protein_coding			
rs10499	3_prime_UTR_variant	ATP2A1		ENST00000564732	downstream_gene_variant	MODIFIER	nonsense_mediated_decay			
rs10499	3_prime_UTR_variant	ATP2A1		ENST00000564732	downstream_gene_variant	MODIFIER	nonsense_mediated_decay			
rs10519049	intergenic_variant				intergenic_variant					
rs10520699	intron_variant	PRC1		ENST00000361188	intron_variant	MODIFIER	protein_coding			
rs10520699	intron_variant	PRC1		ENST00000361919	intron_variant	MODIFIER	protein_coding			
rs10520699	intron_variant	Y_RNA		ENST00000363272	upstream_gene_variant	MODIFIER	misc_RNA			
rs10520699	intron_variant	PRC1		ENST00000394249	intron_variant	MODIFIER	protein_coding			
rs10520699	intron_variant	PRC1		ENST00000417173	downstream_gene_variant	MODIFIER	retained_intron			
rs10520699	intron_variant	PRC1		ENST00000442656	intron_variant	MODIFIER	protein_coding			
rs10520699	intron_variant	PRC1		ENST00000553494	downstream_gene_variant	MODIFIER	retained_intron			
rs10520699	intron_variant	PRC1-AS1		ENST00000554388	intron_variant,non_coding_transcript_variant	MODIFIER	antisense			
rs10520699	intron_variant	PRC1		ENST00000555455	upstream_gene_variant	MODIFIER	protein_coding			
rs10520699	intron_variant	PRC1		ENST00000555745	downstream_gene_variant	MODIFIER	processed_transcript			
rs10520699	intron_variant	PRC1		ENST00000555791	downstream_gene_variant	MODIFIER	retained_intron			
rs10520699	intron_variant	PRC1		ENST00000556129	downstream_gene_variant	MODIFIER	processed_transcript			
rs10520699	intron_variant	PRC1		ENST00000556982	intron_variant,non_coding_transcript_variant	MODIFIER	retained_intron			
rs10520699	intron_variant	PRC1		ENST00000557763	downstream_gene_variant	MODIFIER	retained_intron			
rs10520699	intron_variant	PRC1		ENST00000557905	downstream_gene_variant	MODIFIER	protein_coding			
rs10520699	intron_variant	PRC1		ENST00000559326	upstream_gene_variant	MODIFIER	retained_intron			
rs10520699	intron_variant	PRC1		ENST00000559811	downstream_gene_variant	MODIFIER	protein_coding			
rs10520699	intron_variant	PRC1		ENST00000559828	intron_variant	MODIFIER	protein_coding			
rs10520699	intron_variant	PRC1		ENST00000560605	downstream_gene_variant	MODIFIER	retained_intron			
rs10520699	intron_variant	PRC1		ENST00000560914	intron_variant,non_coding_transcript_variant	MODIFIER	retained_intron			
rs10758321	upstream_gene_variant	RP11-112J3.16		ENST00000431981	upstream_gene_variant	MODIFIER	lincRNA			
rs10758321	upstream_gene_variant	RP11-112J3.16		ENST00000574939	upstream_gene_variant	MODIFIER	lincRNA			
rs10811661	intergenic_variant				intergenic_variant					
rs10813516	intergenic_variant				intergenic_variant					
rs10821304	intergenic_variant				intergenic_variant					
rs10852284	intron_variant	AQP8		ENST00000219660	intron_variant	MODIFIER	protein_coding			
rs10852284	intron_variant	AQP8		ENST00000219660	intron_variant	MODIFIER	protein_coding			
rs10852284	intron_variant	AQP8		ENST00000566125	intron_variant	MODIFIER	protein_coding			
rs10852284	intron_variant	AQP8		ENST00000566125	intron_variant	MODIFIER	protein_coding			
rs10955992	intergenic_variant				intergenic_variant					
rs10970761	intergenic_variant				intergenic_variant					
rs10992408	intergenic_variant				intergenic_variant					
rs1101330	intron_variant	UBA52P6		ENST00000399822	downstream_gene_variant	MODIFIER	processed_pseudogene			
rs1101330	intron_variant	CDKN2B-AS1		ENST00000428597	intron_variant,non_coding_transcript_variant	MODIFIER	antisense			
rs1101330	intron_variant	CDKN2B-AS1		ENST00000455933	intron_variant,non_coding_transcript_variant	MODIFIER	antisense			
rs1101330	intron_variant	CDKN2B-AS1		ENST00000468603	intron_variant,non_coding_transcript_variant	MODIFIER	antisense			
rs1101330	intron_variant	CDKN2B-AS1		ENST00000577551	intron_variant,non_coding_transcript_variant	MODIFIER	antisense			
rs1101330	intron_variant	CDKN2B-AS1		ENST00000580467	intron_variant,non_coding_transcript_variant	MODIFIER	antisense			
rs1101330	intron_variant	CDKN2B-AS1		ENST00000580576	intron_variant,non_coding_transcript_variant	MODIFIER	antisense			
rs1101330	intron_variant	CDKN2B-AS1		ENST00000581051	intron_variant,non_coding_transcript_variant	MODIFIER	antisense			
rs1101330	intron_variant	CDKN2B-AS1		ENST00000582072	intron_variant,non_coding_transcript_variant	MODIFIER	antisense			
rs1101330	intron_variant	CDKN2B-AS1		ENST00000582301	intron_variant,non_coding_transcript_variant	MODIFIER	antisense			
rs1101330	intron_variant	CDKN2B-AS1		ENST00000583719	intron_variant,non_coding_transcript_variant	MODIFIER	antisense			
rs1101330	intron_variant	CDKN2B-AS1		ENST00000584020	intron_variant,non_coding_transcript_variant	MODIFIER	antisense			
rs1101330	intron_variant	CDKN2B-AS1		ENST00000584351	intron_variant,non_coding_transcript_variant	MODIFIER	antisense			
rs1101330	intron_variant	CDKN2B-AS1		ENST00000584637	intron_variant,non_coding_transcript_variant	MODIFIER	antisense			
rs1101330	intron_variant	CDKN2B-AS1		ENST00000584816	intron_variant,non_coding_transcript_variant	MODIFIER	antisense			
rs1101330	intron_variant	CDKN2B-AS1		ENST00000585267	intron_variant,non_coding_transcript_variant	MODIFIER	antisense			
rs11074446	upstream_gene_variant	SNRPEP3		ENST00000338402	upstream_gene_variant	MODIFIER	processed_pseudogene			
rs11074446	upstream_gene_variant	SNRPEP3		ENST00000338402	upstream_gene_variant	MODIFIER	processed_pseudogene			
rs11257562	intron_variant	SEC61A2		ENST00000298428	intron_variant	MODIFIER	protein_coding			
rs11257562	intron_variant	SEC61A2		ENST00000304267	intron_variant	MODIFIER	protein_coding			
rs11257562	intron_variant	SEC61A2		ENST00000379017	intron_variant	MODIFIER	protein_coding			
rs11257562	intron_variant	SEC61A2		ENST00000379020	intron_variant	MODIFIER	protein_coding			
rs11257562	intron_variant	SEC61A2		ENST00000379033	intron_variant	MODIFIER	protein_coding			
rs11257562	intron_variant	SEC61A2		ENST00000379051	intron_variant	MODIFIER	protein_coding			
rs11257562	intron_variant	SEC61A2		ENST00000418772	upstream_gene_variant	MODIFIER	protein_coding			
rs11257562	intron_variant	SEC61A2		ENST00000441368	intron_variant	MODIFIER	protein_coding			
rs11257562	intron_variant	SEC61A2		ENST00000457034	intron_variant	MODIFIER	protein_coding			
rs11257562	intron_variant	SEC61A2		ENST00000472221	intron_variant,NMD_transcript_variant	MODIFIER	nonsense_mediated_decay			
rs11257562	intron_variant	SEC61A2		ENST00000475268	intron_variant,NMD_transcript_variant	MODIFIER	nonsense_mediated_decay			
rs11257562	intron_variant	SEC61A2		ENST00000495368	intron_variant,non_coding_transcript_variant	MODIFIER	processed_transcript			
rs11257655	downstream_gene_variant	RN7SL232P		ENST00000582360	downstream_gene_variant	MODIFIER	misc_RNA			
rs11257655	downstream_gene_variant	RN7SL232P		ENST00000582360	downstream_gene_variant	MODIFIER	misc_RNA			
rs11258435	intron_variant	BEND7		ENST00000396898	intron_variant	MODIFIER	protein_coding			
rs11258435	intron_variant	BEND7		ENST00000396898	intron_variant	MODIFIER	protein_coding			
rs11258435	intron_variant	BEND7		ENST00000396900	intron_variant	MODIFIER	protein_coding			
rs11258435	intron_variant	BEND7		ENST00000396900	intron_variant	MODIFIER	protein_coding			
rs11258435	intron_variant	RP11-214D15.2		ENST00000438431	upstream_gene_variant	MODIFIER	antisense			
rs11258435	intron_variant	RP11-214D15.2		ENST00000438431	upstream_gene_variant	MODIFIER	antisense			
rs11258435	intron_variant	BEND7		ENST00000466271	intron_variant,non_coding_transcript_variant	MODIFIER	processed_transcript			
rs11258435	intron_variant	BEND7		ENST00000466271	intron_variant,non_coding_transcript_variant	MODIFIER	processed_transcript			
rs113154802	intron_variant	PTCH1		ENST00000375274	intron_variant	MODIFIER	protein_coding			
rs113154802	intron_variant	PTCH1		ENST00000430669	intron_variant	MODIFIER	protein_coding			
rs113154802	intron_variant	PTCH1		ENST00000437951	intron_variant	MODIFIER	protein_coding			
rs113154802	intron_variant	PTCH1		ENST00000468211	intron_variant	MODIFIER	protein_coding			
rs113154802	intron_variant	PTCH1		ENST00000551425	intron_variant,non_coding_transcript_variant	MODIFIER	processed_transcript			
rs113154802	intron_variant	PTCH1		ENST00000551623	intron_variant,NMD_transcript_variant	MODIFIER	nonsense_mediated_decay			
rs113154802	intron_variant	RP11-435O5.4		ENST00000604650	downstream_gene_variant	MODIFIER	antisense			
rs113345285	intron_variant	PPP1R13B		ENST00000202556	intron_variant	MODIFIER	protein_coding			
rs113345285	intron_variant	PPP1R13B		ENST00000553739	intron_variant	MODIFIER	protein_coding			
rs113345285	intron_variant	PPP1R13B		ENST00000554106	intron_variant,non_coding_transcript_variant	MODIFIER	processed_transcript			
rs113345285	intron_variant	PPP1R13B		ENST00000554136	intron_variant,non_coding_transcript_variant	MODIFIER	retained_intron			
rs113345285	intron_variant	PPP1R13B		ENST00000555734	intron_variant	MODIFIER	protein_coding			
rs113345285	intron_variant	PPP1R13B		ENST00000556325	intron_variant,non_coding_transcript_variant	MODIFIER	processed_transcript			
rs113345285	intron_variant	PPP1R13B		ENST00000557082	intron_variant,NMD_transcript_variant	MODIFIER	nonsense_mediated_decay			
rs113810193	upstream_gene_variant	AKTIP		ENST00000565408	upstream_gene_variant	MODIFIER	protein_coding			
rs11598843	intron_variant	PCDH15		ENST00000320301	intron_variant	MODIFIER	protein_coding			
rs11598843	intron_variant	PCDH15		ENST00000361849	intron_variant	MODIFIER	protein_coding			
rs11598843	intron_variant	PCDH15		ENST00000373955	intron_variant	MODIFIER	protein_coding			
rs11598843	intron_variant	PCDH15		ENST00000373956	intron_variant,NMD_transcript_variant	MODIFIER	nonsense_mediated_decay			
rs11598843	intron_variant	PCDH15		ENST00000373957	intron_variant	MODIFIER	protein_coding			
rs11598843	intron_variant	PCDH15		ENST00000373965	intron_variant	MODIFIER	protein_coding			
rs11598843	intron_variant	PCDH15		ENST00000395430	intron_variant	MODIFIER	protein_coding			
rs11598843	intron_variant	PCDH15		ENST00000395432	intron_variant	MODIFIER	protein_coding			
rs11598843	intron_variant	PCDH15		ENST00000395433	intron_variant	MODIFIER	protein_coding			
rs11598843	intron_variant	PCDH15		ENST00000395438	intron_variant	MODIFIER	protein_coding			
rs11598843	intron_variant	PCDH15		ENST00000395440	intron_variant	MODIFIER	protein_coding			
rs11598843	intron_variant	PCDH15		ENST00000395442	intron_variant	MODIFIER	protein_coding			
rs11598843	intron_variant	PCDH15		ENST00000395445	intron_variant	MODIFIER	protein_coding			
rs11598843	intron_variant	PCDH15		ENST00000395446	intron_variant	MODIFIER	protein_coding			
rs11598843	intron_variant	PCDH15		ENST00000409834	intron_variant	MODIFIER	protein_coding			
rs11598843	intron_variant	PCDH15		ENST00000414367	intron_variant,NMD_transcript_variant	MODIFIER	nonsense_mediated_decay			
rs11598843	intron_variant	PCDH15		ENST00000414778	intron_variant	MODIFIER	protein_coding			
rs11598843	intron_variant	PCDH15		ENST00000437009	intron_variant	MODIFIER	protein_coding			
rs11598843	intron_variant	PCDH15		ENST00000448885	intron_variant,NMD_transcript_variant	MODIFIER	nonsense_mediated_decay			
rs11598843	intron_variant	PCDH15		ENST00000495484	intron_variant,non_coding_transcript_variant	MODIFIER	processed_transcript			
rs11633473	intergenic_variant				intergenic_variant					
rs117064493	intron_variant	LUC7L		ENST00000293872	intron_variant	MODIFIER	protein_coding			
rs117064493	intron_variant	LUC7L		ENST00000337351	intron_variant	MODIFIER	protein_coding			
rs117064493	intron_variant	LUC7L		ENST00000397780	intron_variant	MODIFIER	protein_coding			
rs117064493	intron_variant	LUC7L		ENST00000397783	intron_variant	MODIFIER	protein_coding			
rs117064493	intron_variant	LUC7L		ENST00000418978	intron_variant,NMD_transcript_variant	MODIFIER	nonsense_mediated_decay			
rs117064493	intron_variant	LUC7L		ENST00000419516	intron_variant,NMD_transcript_variant	MODIFIER	nonsense_mediated_decay			
rs117064493	intron_variant	LUC7L		ENST00000426094	intron_variant,NMD_transcript_variant	MODIFIER	nonsense_mediated_decay			
rs117064493	intron_variant	LUC7L		ENST00000430864	intron_variant	MODIFIER	protein_coding			
rs117064493	intron_variant	LUC7L		ENST00000443357	intron_variant	MODIFIER	protein_coding			
rs117064493	intron_variant	LUC7L		ENST00000464711	upstream_gene_variant	MODIFIER	retained_intron			
rs117064493	intron_variant	LUC7L		ENST00000490762	intron_variant,non_coding_transcript_variant	MODIFIER	retained_intron			
rs117064493	intron_variant	LUC7L		ENST00000494366	intron_variant,non_coding_transcript_variant	MODIFIER	processed_transcript			
rs117064493	intron_variant	LUC7L		ENST00000495349	upstream_gene_variant	MODIFIER	retained_intron			
rs117215804	intergenic_variant				intergenic_variant					
rs117414485	intron_variant	C10orf67		ENST00000376500	intron_variant	MODIFIER	protein_coding			
rs117414485	intron_variant	C10orf67		ENST00000376500	intron_variant	MODIFIER	protein_coding			
rs117515728	downstream_gene_variant	RP11-44F14.8		ENST00000571340	downstream_gene_variant	MODIFIER	lincRNA			
rs11819063	intron_variant	MYO3A		ENST00000265944	intron_variant	MODIFIER	protein_coding			
rs11819063	intron_variant	MYO3A		ENST00000265944	intron_variant	MODIFIER	protein_coding			
rs11819063	intron_variant	MYO3A		ENST00000265944	intron_variant	MODIFIER	protein_coding			
rs11819063	intron_variant	MYO3A		ENST00000478093	downstream_gene_variant	MODIFIER	processed_transcript			
rs11819063	intron_variant	MYO3A		ENST00000478093	downstream_gene_variant	MODIFIER	processed_transcript			
rs11819063	intron_variant	MYO3A		ENST00000478093	downstream_gene_variant	MODIFIER	processed_transcript			
rs11819063	intron_variant	MYO3A		ENST00000543632	intron_variant	MODIFIER	protein_coding			
rs11819063	intron_variant	MYO3A		ENST00000543632	intron_variant	MODIFIER	protein_coding			
rs11819063	intron_variant	MYO3A		ENST00000543632	intron_variant	MODIFIER	protein_coding			
rs11853527	intron_variant	WDR72		ENST00000360509	intron_variant	MODIFIER	protein_coding			
rs11853527	intron_variant	WDR72		ENST00000360509	intron_variant	MODIFIER	protein_coding			
rs11853527	intron_variant	WDR72		ENST00000360509	intron_variant	MODIFIER	protein_coding			
rs11853527	intron_variant	WDR72		ENST00000396328	intron_variant	MODIFIER	protein_coding			
rs11853527	intron_variant	WDR72		ENST00000396328	intron_variant	MODIFIER	protein_coding			
rs11853527	intron_variant	WDR72		ENST00000396328	intron_variant	MODIFIER	protein_coding			
rs11853527	intron_variant	WDR72		ENST00000557913	intron_variant	MODIFIER	protein_coding			
rs11853527	intron_variant	WDR72		ENST00000557913	intron_variant	MODIFIER	protein_coding			
rs11853527	intron_variant	WDR72		ENST00000557913	intron_variant	MODIFIER	protein_coding			
rs11853527	intron_variant	WDR72		ENST00000559418	intron_variant	MODIFIER	protein_coding			
rs11853527	intron_variant	WDR72		ENST00000559418	intron_variant	MODIFIER	protein_coding			
rs11853527	intron_variant	WDR72		ENST00000559418	intron_variant	MODIFIER	protein_coding			
rs11853527	intron_variant	WDR72		ENST00000560036	intron_variant	MODIFIER	protein_coding			
rs11853527	intron_variant	WDR72		ENST00000560036	intron_variant	MODIFIER	protein_coding			
rs11853527	intron_variant	WDR72		ENST00000560036	intron_variant	MODIFIER	protein_coding			
rs11999061	upstream_gene_variant	URM1		ENST00000372847	upstream_gene_variant	MODIFIER	protein_coding			
rs11999061	upstream_gene_variant	URM1		ENST00000372847	upstream_gene_variant	MODIFIER	protein_coding			
rs11999061	upstream_gene_variant	URM1		ENST00000372850	upstream_gene_variant	MODIFIER	protein_coding			
rs11999061	upstream_gene_variant	URM1		ENST00000372850	upstream_gene_variant	MODIFIER	protein_coding			
rs11999061	upstream_gene_variant	URM1		ENST00000372853	upstream_gene_variant	MODIFIER	protein_coding			
rs11999061	upstream_gene_variant	URM1		ENST00000372853	upstream_gene_variant	MODIFIER	protein_coding			
rs11999061	upstream_gene_variant	URM1		ENST00000452446	upstream_gene_variant	MODIFIER	protein_coding			
rs11999061	upstream_gene_variant	URM1		ENST00000452446	upstream_gene_variant	MODIFIER	protein_coding			
rs11999061	upstream_gene_variant	URM1		ENST00000470840	upstream_gene_variant	MODIFIER	nonsense_mediated_decay			
rs11999061	upstream_gene_variant	URM1		ENST00000470840	upstream_gene_variant	MODIFIER	nonsense_mediated_decay			
rs12001437	regulatory_region_variant				regulatory_region_variant					
rs12380322	intron_variant	HAUS6		ENST00000380496	intron_variant	MODIFIER	protein_coding			
rs12380322	intron_variant	HAUS6		ENST00000380496	intron_variant	MODIFIER	protein_coding			
rs12380322	intron_variant	HAUS6		ENST00000380502	intron_variant	MODIFIER	protein_coding			
rs12380322	intron_variant	HAUS6		ENST00000380502	intron_variant	MODIFIER	protein_coding			
rs12380322	intron_variant	RNU6-264P		ENST00000517134	downstream_gene_variant	MODIFIER	snRNA			
rs12380322	intron_variant	RNU6-264P		ENST00000517134	downstream_gene_variant	MODIFIER	snRNA			
rs12548678	intergenic_variant				intergenic_variant					
rs12553324	intergenic_variant				intergenic_variant					
rs12555274	regulatory_region_variant				regulatory_region_variant					
rs12570156	intron_variant	A1CF		ENST00000282641	intron_variant	MODIFIER	protein_coding			
rs12570156	intron_variant	A1CF		ENST00000373993	intron_variant	MODIFIER	protein_coding			
rs12570156	intron_variant	A1CF		ENST00000373995	intron_variant	MODIFIER	protein_coding			
rs12570156	intron_variant	A1CF		ENST00000373997	intron_variant	MODIFIER	protein_coding			
rs12570156	intron_variant	A1CF		ENST00000374001	intron_variant	MODIFIER	protein_coding			
rs12570156	intron_variant	A1CF		ENST00000395489	intron_variant	MODIFIER	protein_coding			
rs12570156	intron_variant	A1CF		ENST00000395495	intron_variant	MODIFIER	protein_coding			
rs12570156	intron_variant	A1CF		ENST00000414883	intron_variant	MODIFIER	protein_coding			
rs12570156	intron_variant	A1CF		ENST00000473480	intron_variant,non_coding_transcript_variant	MODIFIER	processed_transcript			
rs12708519	intron_variant	PTPN9		ENST00000306726	intron_variant	MODIFIER	protein_coding			
rs12708519	intron_variant	PTPN9		ENST00000561731	downstream_gene_variant	MODIFIER	protein_coding			
rs12708519	intron_variant	CTD-2323K18.2		ENST00000566222	downstream_gene_variant	MODIFIER	processed_pseudogene			
rs12898690	intron_variant	BAHD1		ENST00000416165	intron_variant	MODIFIER	protein_coding			
rs12898690	intron_variant	BAHD1		ENST00000416165	intron_variant	MODIFIER	protein_coding			
rs12898690	intron_variant	BAHD1		ENST00000416165	intron_variant	MODIFIER	protein_coding			
rs12898690	intron_variant	RP11-64K12.9		ENST00000558601	downstream_gene_variant	MODIFIER	antisense			
rs12898690	intron_variant	RP11-64K12.9		ENST00000558601	downstream_gene_variant	MODIFIER	antisense			
rs12898690	intron_variant	RP11-64K12.9		ENST00000558601	downstream_gene_variant	MODIFIER	antisense			
rs12898690	intron_variant	BAHD1		ENST00000561234	intron_variant	MODIFIER	protein_coding			
rs12898690	intron_variant	BAHD1		ENST00000561234	intron_variant	MODIFIER	protein_coding			
rs12898690	intron_variant	BAHD1		ENST00000561234	intron_variant	MODIFIER	protein_coding			
rs12909009	intron_variant	DPP8		ENST00000300141	intron_variant	MODIFIER	protein_coding			
rs12909009	intron_variant	DPP8		ENST00000321118	intron_variant	MODIFIER	protein_coding			
rs12909009	intron_variant	DPP8		ENST00000321147	intron_variant	MODIFIER	protein_coding			
rs12909009	intron_variant	DPP8		ENST00000339244	intron_variant	MODIFIER	protein_coding			
rs12909009	intron_variant	DPP8		ENST00000341861	intron_variant	MODIFIER	protein_coding			
rs12909009	intron_variant	DPP8		ENST00000358939	intron_variant	MODIFIER	protein_coding			
rs12909009	intron_variant	DPP8		ENST00000395652	intron_variant,NMD_transcript_variant	MODIFIER	nonsense_mediated_decay			
rs12909009	intron_variant	DPP8		ENST00000558559	downstream_gene_variant	MODIFIER	protein_coding			
rs12909009	intron_variant	DPP8		ENST00000558786	intron_variant	MODIFIER	protein_coding			
rs12909009	intron_variant	DPP8		ENST00000559233	intron_variant	MODIFIER	protein_coding			
rs12909009	intron_variant	DPP8		ENST00000560048	downstream_gene_variant	MODIFIER	processed_transcript			
rs12909009	intron_variant	DPP8		ENST00000560597	downstream_gene_variant	MODIFIER	retained_intron			
rs12913098	intron_variant	DPH6-AS1		ENST00000501169	intron_variant,non_coding_transcript_variant	MODIFIER	lincRNA			
rs12913098	intron_variant	DPH6-AS1		ENST00000501169	intron_variant,non_coding_transcript_variant	MODIFIER	lincRNA			
rs12913098	intron_variant	DPH6-AS1		ENST00000559210	intron_variant,non_coding_transcript_variant	MODIFIER	lincRNA			
rs12913098	intron_variant	DPH6-AS1		ENST00000559210	intron_variant,non_coding_transcript_variant	MODIFIER	lincRNA			
rs13266634	missense_variant	SLC30A8		ENST00000427715	synonymous_variant	LOW	protein_coding		276.0	R
rs13266634	missense_variant	SLC30A8		ENST00000427715	missense_variant	MODERATE	protein_coding		276.0	R/W
rs13266634	missense_variant	SLC30A8		ENST00000456015	synonymous_variant	LOW	protein_coding		325.0	R
rs13266634	missense_variant	SLC30A8		ENST00000456015	missense_variant	MODERATE	protein_coding		325.0	R/W
rs13266634	missense_variant	SLC30A8		ENST00000519688	synonymous_variant	LOW	protein_coding		276.0	R
rs13266634	missense_variant	SLC30A8		ENST00000519688	missense_variant	MODERATE	protein_coding		276.0	R/W
rs13266634	missense_variant	SLC30A8		ENST00000521243	synonymous_variant	LOW	protein_coding		276.0	R
rs13266634	missense_variant	SLC30A8		ENST00000521243	missense_variant	MODERATE	protein_coding		276.0	R/W
rs13267937	intron_variant	MAFA		ENST00000333480	downstream_gene_variant	MODIFIER	protein_coding			
rs13267937	intron_variant	MAFA		ENST00000333480	downstream_gene_variant	MODIFIER	protein_coding			
rs13267937	intron_variant	MAFA		ENST00000333480	downstream_gene_variant	MODIFIER	protein_coding			
rs13267937	intron_variant	RP11-909N17.3		ENST00000519762	downstream_gene_variant	MODIFIER	antisense			
rs13267937	intron_variant	RP11-909N17.3		ENST00000519762	downstream_gene_variant	MODIFIER	antisense			
rs13267937	intron_variant	RP11-909N17.3		ENST00000519762	downstream_gene_variant	MODIFIER	antisense			
rs13267937	intron_variant	MAFA		ENST00000528185	intron_variant,non_coding_transcript_variant	MODIFIER	processed_transcript			
rs13267937	intron_variant	MAFA		ENST00000528185	intron_variant,non_coding_transcript_variant	MODIFIER	processed_transcript			
rs13267937	intron_variant	MAFA		ENST00000528185	intron_variant,non_coding_transcript_variant	MODIFIER	processed_transcript			
rs13273592	intergenic_variant				intergenic_variant					
rs1330303	intron_variant	BNC2		ENST00000380666	intron_variant	MODIFIER	protein_coding			
rs1330303	intron_variant	BNC2		ENST00000380666	intron_variant	MODIFIER	protein_coding			
rs1330303	intron_variant	BNC2		ENST00000380667	intron_variant	MODIFIER	protein_coding			
rs1330303	intron_variant	BNC2		ENST00000380667	intron_variant	MODIFIER	protein_coding			
rs1330303	intron_variant	BNC2		ENST00000380672	intron_variant	MODIFIER	protein_coding			
rs1330303	intron_variant	BNC2		ENST00000380672	intron_variant	MODIFIER	protein_coding			
rs1330303	intron_variant	BNC2		ENST00000418777	intron_variant	MODIFIER	protein_coding			
rs1330303	intron_variant	BNC2		ENST00000418777	intron_variant	MODIFIER	protein_coding			
rs1330303	intron_variant	BNC2		ENST00000468187	intron_variant	MODIFIER	protein_coding			
rs1330303	intron_variant	BNC2		ENST00000468187	intron_variant	MODIFIER	protein_coding			
rs1330303	intron_variant	BNC2		ENST00000484726	intron_variant,NMD_transcript_variant	MODIFIER	nonsense_mediated_decay			
rs1330303	intron_variant	BNC2		ENST00000484726	intron_variant,NMD_transcript_variant	MODIFIER	nonsense_mediated_decay			
rs1330303	intron_variant	BNC2		ENST00000486514	intron_variant	MODIFIER	protein_coding			
rs1330303	intron_variant	BNC2		ENST00000486514	intron_variant	MODIFIER	protein_coding			
rs1330303	intron_variant	BNC2		ENST00000545497	intron_variant	MODIFIER	protein_coding			
rs1330303	intron_variant	BNC2		ENST00000545497	intron_variant	MODIFIER	protein_coding			
rs1330303	intron_variant	BNC2		ENST00000603313	intron_variant	MODIFIER	protein_coding			
rs1330303	intron_variant	BNC2		ENST00000603313	intron_variant	MODIFIER	protein_coding			
rs1330303	intron_variant	BNC2		ENST00000603713	intron_variant	MODIFIER	protein_coding			
rs1330303	intron_variant	BNC2		ENST00000603713	intron_variant	MODIFIER	protein_coding			
rs13339351	intergenic_variant				intergenic_variant					
rs139149176	intergenic_variant				intergenic_variant					
rs139219993	intron_variant	RP11-1129I3.1		ENST00000562300	intron_variant,non_coding_transcript_variant	MODIFIER	sense_overlapping			
rs139219993	intron_variant	RP11-1129I3.1		ENST00000568246	intron_variant,non_coding_transcript_variant	MODIFIER	sense_overlapping			
rs1396713	intron_variant	HERC1		ENST00000443617	intron_variant	MODIFIER	protein_coding			
rs1396713	intron_variant	HERC1		ENST00000443617	intron_variant	MODIFIER	protein_coding			
rs1396713	intron_variant	HERC1		ENST00000443617	intron_variant	MODIFIER	protein_coding			
rs1396713	intron_variant	HERC1		ENST00000558532	intron_variant	MODIFIER	protein_coding			
rs1396713	intron_variant	HERC1		ENST00000558532	intron_variant	MODIFIER	protein_coding			
rs1396713	intron_variant	HERC1		ENST00000558532	intron_variant	MODIFIER	protein_coding			
rs1396713	intron_variant	HERC1		ENST00000559886	intron_variant,non_coding_transcript_variant	MODIFIER	retained_intron			
rs1396713	intron_variant	HERC1		ENST00000559886	intron_variant,non_coding_transcript_variant	MODIFIER	retained_intron			
rs1396713	intron_variant	HERC1		ENST00000559886	intron_variant,non_coding_transcript_variant	MODIFIER	retained_intron			
rs1396713	intron_variant	HERC1		ENST00000560316	intron_variant	MODIFIER	protein_coding			
rs1396713	intron_variant	HERC1		ENST00000560316	intron_variant	MODIFIER	protein_coding			
rs1396713	intron_variant	HERC1		ENST00000560316	intron_variant	MODIFIER	protein_coding			
rs1396713	intron_variant	HERC1		ENST00000560462	intron_variant	MODIFIER	protein_coding			
rs1396713	intron_variant	HERC1		ENST00000560462	intron_variant	MODIFIER	protein_coding			
rs1396713	intron_variant	HERC1		ENST00000560462	intron_variant	MODIFIER	protein_coding			
rs1396713	intron_variant	HERC1		ENST00000561400	intron_variant	MODIFIER	protein_coding			
rs1396713	intron_variant	HERC1		ENST00000561400	intron_variant	MODIFIER	protein_coding			
rs1396713	intron_variant	HERC1		ENST00000561400	intron_variant	MODIFIER	protein_coding			
rs139891432	intron_variant	FTO		ENST00000394647	intron_variant	MODIFIER	protein_coding			
rs139891432	intron_variant	FTO		ENST00000394647	intron_variant	MODIFIER	protein_coding			
rs139891432	intron_variant	FTO		ENST00000464071	intron_variant,NMD_transcript_variant	MODIFIER	nonsense_mediated_decay			
rs139891432	intron_variant	FTO		ENST00000464071	intron_variant,NMD_transcript_variant	MODIFIER	nonsense_mediated_decay			
rs139891432	intron_variant	FTO		ENST00000471389	intron_variant	MODIFIER	protein_coding			
rs139891432	intron_variant	FTO		ENST00000471389	intron_variant	MODIFIER	protein_coding			
rs139891432	intron_variant	FTO		ENST00000570395	intron_variant,non_coding_transcript_variant	MODIFIER	processed_transcript			
rs139891432	intron_variant	FTO		ENST00000570395	intron_variant,non_coding_transcript_variant	MODIFIER	processed_transcript			
rs1420076	intron_variant	RBFOX1		ENST00000422070	intron_variant	MODIFIER	protein_coding			
rs1420076	intron_variant	RBFOX1		ENST00000422070	intron_variant	MODIFIER	protein_coding			
rs1420076	intron_variant	RBFOX1		ENST00000535565	intron_variant	MODIFIER	protein_coding			
rs1420076	intron_variant	RBFOX1		ENST00000535565	intron_variant	MODIFIER	protein_coding			
rs1420076	intron_variant	RBFOX1		ENST00000547372	intron_variant	MODIFIER	protein_coding			
rs1420076	intron_variant	RBFOX1		ENST00000547372	intron_variant	MODIFIER	protein_coding			
rs1420076	intron_variant	RBFOX1		ENST00000547427	intron_variant,non_coding_transcript_variant	MODIFIER	processed_transcript			
rs1420076	intron_variant	RBFOX1		ENST00000547427	intron_variant,non_coding_transcript_variant	MODIFIER	processed_transcript			
rs1420076	intron_variant	RBFOX1		ENST00000547605	intron_variant	MODIFIER	protein_coding			
rs1420076	intron_variant	RBFOX1		ENST00000547605	intron_variant	MODIFIER	protein_coding			
rs1420076	intron_variant	RBFOX1		ENST00000548749	intron_variant,non_coding_transcript_variant	MODIFIER	processed_transcript			
rs1420076	intron_variant	RBFOX1		ENST00000548749	intron_variant,non_coding_transcript_variant	MODIFIER	processed_transcript			
rs1420076	intron_variant	RBFOX1		ENST00000550418	intron_variant	MODIFIER	protein_coding			
rs1420076	intron_variant	RBFOX1		ENST00000550418	intron_variant	MODIFIER	protein_coding			
rs1420076	intron_variant	RBFOX1		ENST00000551752	intron_variant	MODIFIER	protein_coding			
rs1420076	intron_variant	RBFOX1		ENST00000551752	intron_variant	MODIFIER	protein_coding			
rs1420076	intron_variant	RBFOX1		ENST00000552089	intron_variant	MODIFIER	protein_coding			
rs1420076	intron_variant	RBFOX1		ENST00000552089	intron_variant	MODIFIER	protein_coding			
rs1420076	intron_variant	RBFOX1		ENST00000553186	intron_variant	MODIFIER	protein_coding			
rs1420076	intron_variant	RBFOX1		ENST00000553186	intron_variant	MODIFIER	protein_coding			
rs1420076	intron_variant	RP11-420N3.2		ENST00000569895	intron_variant,non_coding_transcript_variant	MODIFIER	processed_transcript			
rs1420076	intron_variant	RP11-420N3.2		ENST00000569895	intron_variant,non_coding_transcript_variant	MODIFIER	processed_transcript			
rs145500238	intron_variant	GLIS3		ENST00000381971	intron_variant	MODIFIER	protein_coding			
rs145500238	intron_variant	GLIS3		ENST00000381971	intron_variant	MODIFIER	protein_coding			
rs145500238	intron_variant	GLIS3		ENST00000477901	intron_variant	MODIFIER	protein_coding			
rs145500238	intron_variant	GLIS3		ENST00000477901	intron_variant	MODIFIER	protein_coding			
rs145500238	intron_variant	GLIS3		ENST00000478844	intron_variant	MODIFIER	protein_coding			
rs145500238	intron_variant	GLIS3		ENST00000478844	intron_variant	MODIFIER	protein_coding			
rs145500238	intron_variant	GLIS3		ENST00000481827	intron_variant	MODIFIER	protein_coding			
rs145500238	intron_variant	GLIS3		ENST00000481827	intron_variant	MODIFIER	protein_coding			
rs145500238	intron_variant	GLIS3		ENST00000490709	intron_variant,non_coding_transcript_variant	MODIFIER	processed_transcript			
rs145500238	intron_variant	GLIS3		ENST00000490709	intron_variant,non_coding_transcript_variant	MODIFIER	processed_transcript			
rs145500238	intron_variant	GLIS3		ENST00000491889	intron_variant,NMD_transcript_variant	MODIFIER	nonsense_mediated_decay			
rs145500238	intron_variant	GLIS3		ENST00000491889	intron_variant,NMD_transcript_variant	MODIFIER	nonsense_mediated_decay			
rs145904814	intron_variant	FTO		ENST00000394647	intron_variant	MODIFIER	protein_coding			
rs145904814	intron_variant	FTO		ENST00000464071	intron_variant,NMD_transcript_variant	MODIFIER	nonsense_mediated_decay			
rs145904814	intron_variant	FTO		ENST00000471389	intron_variant	MODIFIER	protein_coding			
rs145904814	intron_variant	FTO		ENST00000570395	intron_variant,non_coding_transcript_variant	MODIFIER	processed_transcript			
rs146692251	intron_variant	VPS13C		ENST00000249837	intron_variant	MODIFIER	protein_coding			
rs146692251	intron_variant	VPS13C		ENST00000261517	intron_variant	MODIFIER	protein_coding			
rs146692251	intron_variant	VPS13C		ENST00000395896	intron_variant	MODIFIER	protein_coding			
rs146692251	intron_variant	VPS13C		ENST00000395898	intron_variant	MODIFIER	protein_coding			
rs1472495	intergenic_variant				intergenic_variant					
rs147643814	intron_variant	SLC30A8		ENST00000427715	intron_variant	MODIFIER	protein_coding			
rs147643814	intron_variant	SLC30A8		ENST00000427715	intron_variant	MODIFIER	protein_coding			
rs147643814	intron_variant	SLC30A8		ENST00000521035	intron_variant,non_coding_transcript_variant	MODIFIER	processed_transcript			
rs147643814	intron_variant	SLC30A8		ENST00000521035	intron_variant,non_coding_transcript_variant	MODIFIER	processed_transcript			
rs147643814	intron_variant	SLC30A8		ENST00000521243	intron_variant	MODIFIER	protein_coding			
rs147643814	intron_variant	SLC30A8		ENST00000521243	intron_variant	MODIFIER	protein_coding			
rs147643814	intron_variant	RP11-1059L18.1		ENST00000522976	downstream_gene_variant	MODIFIER	processed_pseudogene			
rs147643814	intron_variant	RP11-1059L18.1		ENST00000522976	downstream_gene_variant	MODIFIER	processed_pseudogene			
rs147643814	intron_variant	SLC30A8		ENST00000524274	intron_variant	MODIFIER	protein_coding			
rs147643814	intron_variant	SLC30A8		ENST00000524274	intron_variant	MODIFIER	protein_coding			
rs149336329	intron_variant	MYO5C		ENST00000261839	intron_variant	MODIFIER	protein_coding			
rs149336329	intron_variant	MYO5C		ENST00000261839	intron_variant	MODIFIER	protein_coding			
rs149336329	intron_variant	MYO5C		ENST00000443683	intron_variant	MODIFIER	protein_coding			
rs149336329	intron_variant	MYO5C		ENST00000443683	intron_variant	MODIFIER	protein_coding			
rs149336329	intron_variant	MYO5C		ENST00000541028	intron_variant,non_coding_transcript_variant	MODIFIER	processed_transcript			
rs149336329	intron_variant	MYO5C		ENST00000541028	intron_variant,non_coding_transcript_variant	MODIFIER	processed_transcript			
rs149336329	intron_variant	MYO5C		ENST00000558479	intron_variant	MODIFIER	protein_coding			
rs149336329	intron_variant	MYO5C		ENST00000558479	intron_variant	MODIFIER	protein_coding			
rs149336329	intron_variant	MYO5C		ENST00000558902	intron_variant,NMD_transcript_variant	MODIFIER	nonsense_mediated_decay			
rs149336329	intron_variant	MYO5C		ENST00000558902	intron_variant,NMD_transcript_variant	MODIFIER	nonsense_mediated_decay			
rs149336329	intron_variant	MYO5C		ENST00000559459	intron_variant,NMD_transcript_variant	MODIFIER	nonsense_mediated_decay			
rs149336329	intron_variant	MYO5C		ENST00000559459	intron_variant,NMD_transcript_variant	MODIFIER	nonsense_mediated_decay			
rs149336329	intron_variant	MYO5C		ENST00000560809	intron_variant,NMD_transcript_variant	MODIFIER	nonsense_mediated_decay			
rs149336329	intron_variant	MYO5C		ENST00000560809	intron_variant,NMD_transcript_variant	MODIFIER	nonsense_mediated_decay			
rs149587589	3_prime_UTR_variant	KIAA1875		ENST00000323662	3_prime_UTR_variant	MODIFIER	protein_coding			
rs149587589	3_prime_UTR_variant	KIAA1875		ENST00000525150	downstream_gene_variant	MODIFIER	retained_intron			
rs149587589	3_prime_UTR_variant	KIAA1875		ENST00000528691	downstream_gene_variant	MODIFIER	retained_intron			
rs149587589	3_prime_UTR_variant	KIAA1875		ENST00000529209	downstream_gene_variant	MODIFIER	retained_intron			
rs149587589	3_prime_UTR_variant	KIAA1875		ENST00000534167	3_prime_UTR_variant,NMD_transcript_variant	MODIFIER	nonsense_mediated_decay			
rs1558902	intron_variant	FTO		ENST00000394647	intron_variant	MODIFIER	protein_coding			
rs1558902	intron_variant	FTO		ENST00000464071	intron_variant,NMD_transcript_variant	MODIFIER	nonsense_mediated_decay			
rs1558902	intron_variant	FTO		ENST00000471389	intron_variant	MODIFIER	protein_coding			
rs1558902	intron_variant	FTO		ENST00000570395	intron_variant,non_coding_transcript_variant	MODIFIER	processed_transcript			
rs1575972	intergenic_variant				intergenic_variant					
rs16895840	intron_variant	RP11-3G20.1		ENST00000518922	intron_variant,non_coding_transcript_variant	MODIFIER	lincRNA			
rs16970349	intron_variant	BMF		ENST00000220446	intron_variant	MODIFIER	protein_coding			
rs16970349	intron_variant	BMF		ENST00000354670	intron_variant	MODIFIER	protein_coding			
rs16970349	intron_variant	BMF		ENST00000397573	intron_variant	MODIFIER	protein_coding			
rs16970349	intron_variant	BMF		ENST00000431415	intron_variant	MODIFIER	protein_coding			
rs16970349	intron_variant	BMF		ENST00000558774	intron_variant	MODIFIER	protein_coding			
rs16970349	intron_variant	RP11-521C20.3		ENST00000559022	downstream_gene_variant	MODIFIER	antisense			
rs16970349	intron_variant	BMF		ENST00000559701	intron_variant	MODIFIER	protein_coding			
rs16970349	intron_variant	BMF		ENST00000561282	intron_variant	MODIFIER	protein_coding			
rs16970349	intron_variant	BMF		ENST00000561360	intron_variant	MODIFIER	protein_coding			
rs17476364	intron_variant	HK1		ENST00000298649	intron_variant	MODIFIER	protein_coding			
rs17476364	intron_variant	HK1		ENST00000359426	intron_variant	MODIFIER	protein_coding			
rs17476364	intron_variant	HK1		ENST00000360289	intron_variant	MODIFIER	protein_coding			
rs17476364	intron_variant	HK1		ENST00000404387	intron_variant	MODIFIER	protein_coding			
rs17476364	intron_variant	HK1		ENST00000421088	intron_variant	MODIFIER	protein_coding			
rs17476364	intron_variant	HK1		ENST00000436817	intron_variant	MODIFIER	protein_coding			
rs17476364	intron_variant	HK1		ENST00000448642	intron_variant	MODIFIER	protein_coding			
rs17476364	intron_variant	HK1		ENST00000450646	intron_variant	MODIFIER	protein_coding			
rs17476364	intron_variant	HK1		ENST00000464803	intron_variant,non_coding_transcript_variant	MODIFIER	processed_transcript			
rs17476364	intron_variant	HK1		ENST00000476368	intron_variant,non_coding_transcript_variant	MODIFIER	processed_transcript			
rs17476364	intron_variant	HK1		ENST00000480047	intron_variant,non_coding_transcript_variant	MODIFIER	processed_transcript			
rs17476364	intron_variant	HK1		ENST00000483054	intron_variant,non_coding_transcript_variant	MODIFIER	processed_transcript			
rs17476364	intron_variant	HK1		ENST00000483077	intron_variant,non_coding_transcript_variant	MODIFIER	processed_transcript			
rs17476364	intron_variant	HK1		ENST00000493591	intron_variant,non_coding_transcript_variant	MODIFIER	processed_transcript			
rs17476364	intron_variant	HK1		ENST00000494253	upstream_gene_variant	MODIFIER	processed_transcript			
rs17770336	intron_variant	LINGO2		ENST00000379992	intron_variant	MODIFIER	protein_coding			
rs17772814	intron_variant	CASC11		ENST00000502463	intron_variant,non_coding_transcript_variant	MODIFIER	lincRNA			
rs17772814	intron_variant	CASC11		ENST00000519071	downstream_gene_variant	MODIFIER	lincRNA			
rs183862911	intergenic_variant				intergenic_variant					
rs1888832	intergenic_variant				intergenic_variant					
rs1978487	intron_variant	KAT8		ENST00000219797	intron_variant	MODIFIER	protein_coding			
rs1978487	intron_variant	KAT8		ENST00000448516	intron_variant	MODIFIER	protein_coding			
rs1978487	intron_variant	KAT8		ENST00000539683	intron_variant,non_coding_transcript_variant	MODIFIER	retained_intron			
rs1978487	intron_variant	KAT8		ENST00000543774	intron_variant	MODIFIER	protein_coding			
rs1978487	intron_variant	RP11-196G11.4		ENST00000576336	intron_variant,non_coding_transcript_variant	MODIFIER	sense_intronic			
rs2025067	intron_variant	SMEK1		ENST00000337238	intron_variant	MODIFIER	protein_coding			
rs2025067	intron_variant	SMEK1		ENST00000337238	intron_variant	MODIFIER	protein_coding			
rs2025067	intron_variant	SMEK1		ENST00000428424	intron_variant	MODIFIER	protein_coding			
rs2025067	intron_variant	SMEK1		ENST00000428424	intron_variant	MODIFIER	protein_coding			
rs2025067	intron_variant	SMEK1		ENST00000554308	intron_variant,NMD_transcript_variant	MODIFIER	nonsense_mediated_decay			
rs2025067	intron_variant	SMEK1		ENST00000554308	intron_variant,NMD_transcript_variant	MODIFIER	nonsense_mediated_decay			
rs2025067	intron_variant	SMEK1		ENST00000554390	intron_variant	MODIFIER	non_stop_decay			
rs2025067	intron_variant	SMEK1		ENST00000554390	intron_variant	MODIFIER	non_stop_decay			
rs2025067	intron_variant	SMEK1		ENST00000554511	intron_variant	MODIFIER	protein_coding			
rs2025067	intron_variant	SMEK1		ENST00000554511	intron_variant	MODIFIER	protein_coding			
rs2025067	intron_variant	SMEK1		ENST00000554684	intron_variant	MODIFIER	protein_coding			
rs2025067	intron_variant	SMEK1		ENST00000554684	intron_variant	MODIFIER	protein_coding			
rs2025067	intron_variant	SMEK1		ENST00000554943	intron_variant	MODIFIER	protein_coding			
rs2025067	intron_variant	SMEK1		ENST00000554943	intron_variant	MODIFIER	protein_coding			
rs2025067	intron_variant	SMEK1		ENST00000555029	intron_variant	MODIFIER	protein_coding			
rs2025067	intron_variant	SMEK1		ENST00000555029	intron_variant	MODIFIER	protein_coding			
rs2025067	intron_variant	SMEK1		ENST00000555462	intron_variant	MODIFIER	protein_coding			
rs2025067	intron_variant	SMEK1		ENST00000555462	intron_variant	MODIFIER	protein_coding			
rs2025067	intron_variant	SMEK1		ENST00000557018	intron_variant	MODIFIER	protein_coding			
rs2025067	intron_variant	SMEK1		ENST00000557018	intron_variant	MODIFIER	protein_coding			
rs2056857	intron_variant	C14orf166B		ENST00000216450	intron_variant,NMD_transcript_variant	MODIFIER	nonsense_mediated_decay			
rs2056857	intron_variant	C14orf166B		ENST00000393774	intron_variant	MODIFIER	protein_coding			
rs2056857	intron_variant	C14orf166B		ENST00000450042	intron_variant	MODIFIER	protein_coding			
rs2056857	intron_variant	C14orf166B		ENST00000460005	intron_variant,non_coding_transcript_variant	MODIFIER	processed_transcript			
rs2056857	intron_variant	C14orf166B		ENST00000484640	intron_variant,NMD_transcript_variant	MODIFIER	nonsense_mediated_decay			
rs2056857	intron_variant	C14orf166B		ENST00000557453	downstream_gene_variant	MODIFIER	nonsense_mediated_decay			
rs2059134	non_coding_transcript_exon_variant	TNRC6A		ENST00000315183	intron_variant	MODIFIER	protein_coding			
rs2059134	non_coding_transcript_exon_variant	TNRC6A		ENST00000315183	intron_variant	MODIFIER	protein_coding			
rs2059134	non_coding_transcript_exon_variant	TNRC6A		ENST00000395799	intron_variant	MODIFIER	protein_coding			
rs2059134	non_coding_transcript_exon_variant	TNRC6A		ENST00000395799	intron_variant	MODIFIER	protein_coding			
rs2059134	non_coding_transcript_exon_variant	TNRC6A		ENST00000432286	upstream_gene_variant	MODIFIER	protein_coding			
rs2059134	non_coding_transcript_exon_variant	TNRC6A		ENST00000432286	upstream_gene_variant	MODIFIER	protein_coding			
rs2059134	non_coding_transcript_exon_variant	TNRC6A		ENST00000450465	intron_variant	MODIFIER	protein_coding			
rs2059134	non_coding_transcript_exon_variant	TNRC6A		ENST00000450465	intron_variant	MODIFIER	protein_coding			
rs2059134	non_coding_transcript_exon_variant	TNRC6A		ENST00000462400	intron_variant,non_coding_transcript_variant	MODIFIER	retained_intron			
rs2059134	non_coding_transcript_exon_variant	TNRC6A		ENST00000462400	intron_variant,non_coding_transcript_variant	MODIFIER	retained_intron			
rs2059134	non_coding_transcript_exon_variant	TNRC6A		ENST00000477487	non_coding_transcript_exon_variant	MODIFIER	retained_intron			
rs2059134	non_coding_transcript_exon_variant	TNRC6A		ENST00000477487	non_coding_transcript_exon_variant	MODIFIER	retained_intron			
rs2059134	non_coding_transcript_exon_variant	TNRC6A		ENST00000491718	intron_variant,NMD_transcript_variant	MODIFIER	nonsense_mediated_decay			
rs2059134	non_coding_transcript_exon_variant	TNRC6A		ENST00000491718	intron_variant,NMD_transcript_variant	MODIFIER	nonsense_mediated_decay			
rs2059134	non_coding_transcript_exon_variant	TNRC6A		ENST00000561726	downstream_gene_variant	MODIFIER	retained_intron			
rs2059134	non_coding_transcript_exon_variant	TNRC6A		ENST00000561726	downstream_gene_variant	MODIFIER	retained_intron			
rs2059134	non_coding_transcript_exon_variant	TNRC6A		ENST00000563201	upstream_gene_variant	MODIFIER	retained_intron			
rs2059134	non_coding_transcript_exon_variant	TNRC6A		ENST00000563201	upstream_gene_variant	MODIFIER	retained_intron			
rs2059134	non_coding_transcript_exon_variant	TNRC6A		ENST00000568750	intron_variant	MODIFIER	protein_coding			
rs2059134	non_coding_transcript_exon_variant	TNRC6A		ENST00000568750	intron_variant	MODIFIER	protein_coding			
rs2059134	non_coding_transcript_exon_variant	CTD-2515A14.1		ENST00000568895	intron_variant,non_coding_transcript_variant	MODIFIER	antisense			
rs2059134	non_coding_transcript_exon_variant	CTD-2515A14.1		ENST00000568895	intron_variant,non_coding_transcript_variant	MODIFIER	antisense			
rs2059134	non_coding_transcript_exon_variant	TNRC6A		ENST00000569376	upstream_gene_variant	MODIFIER	nonsense_mediated_decay			
rs2059134	non_coding_transcript_exon_variant	TNRC6A		ENST00000569376	upstream_gene_variant	MODIFIER	nonsense_mediated_decay			
rs2165069	intron_variant	AP3S2		ENST00000336418	intron_variant	MODIFIER	protein_coding			
rs2165069	intron_variant	AP3S2		ENST00000336418	intron_variant	MODIFIER	protein_coding			
rs2165069	intron_variant	AP3S2		ENST00000423566	intron_variant,NMD_transcript_variant	MODIFIER	nonsense_mediated_decay			
rs2165069	intron_variant	AP3S2		ENST00000423566	intron_variant,NMD_transcript_variant	MODIFIER	nonsense_mediated_decay			
rs2165069	intron_variant	AP3S2		ENST00000557999	intron_variant,NMD_transcript_variant	MODIFIER	nonsense_mediated_decay			
rs2165069	intron_variant	AP3S2		ENST00000557999	intron_variant,NMD_transcript_variant	MODIFIER	nonsense_mediated_decay			
rs2165069	intron_variant	AP3S2		ENST00000558011	intron_variant	MODIFIER	protein_coding			
rs2165069	intron_variant	AP3S2		ENST00000558011	intron_variant	MODIFIER	protein_coding			
rs2165069	intron_variant	AP3S2		ENST00000558806	intron_variant,NMD_transcript_variant	MODIFIER	nonsense_mediated_decay			
rs2165069	intron_variant	AP3S2		ENST00000558806	intron_variant,NMD_transcript_variant	MODIFIER	nonsense_mediated_decay			
rs2165069	intron_variant	AP3S2		ENST00000558999	intron_variant,NMD_transcript_variant	MODIFIER	nonsense_mediated_decay			
rs2165069	intron_variant	AP3S2		ENST00000558999	intron_variant,NMD_transcript_variant	MODIFIER	nonsense_mediated_decay			
rs2165069	intron_variant	AP3S2		ENST00000559162	intron_variant,non_coding_transcript_variant	MODIFIER	retained_intron			
rs2165069	intron_variant	AP3S2		ENST00000559162	intron_variant,non_coding_transcript_variant	MODIFIER	retained_intron			
rs2165069	intron_variant	AP3S2		ENST00000560184	downstream_gene_variant	MODIFIER	processed_transcript			
rs2165069	intron_variant	AP3S2		ENST00000560184	downstream_gene_variant	MODIFIER	processed_transcript			
rs2165069	intron_variant	AP3S2		ENST00000560251	downstream_gene_variant	MODIFIER	nonsense_mediated_decay			
rs2165069	intron_variant	AP3S2		ENST00000560251	downstream_gene_variant	MODIFIER	nonsense_mediated_decay			
rs2165069	intron_variant	AP3S2		ENST00000560940	intron_variant	MODIFIER	protein_coding			
rs2165069	intron_variant	AP3S2		ENST00000560940	intron_variant	MODIFIER	protein_coding			
rs2274162	5_prime_UTR_variant	DFNB31		ENST00000265134	intron_variant	MODIFIER	protein_coding			
rs2274162	5_prime_UTR_variant	DFNB31		ENST00000265134	intron_variant	MODIFIER	protein_coding			
rs2274162	5_prime_UTR_variant	DFNB31		ENST00000362057	intron_variant	MODIFIER	protein_coding			
rs2274162	5_prime_UTR_variant	DFNB31		ENST00000362057	intron_variant	MODIFIER	protein_coding			
rs2274162	5_prime_UTR_variant	DFNB31		ENST00000374059	5_prime_UTR_variant	MODIFIER	protein_coding			
rs2274162	5_prime_UTR_variant	DFNB31		ENST00000374059	5_prime_UTR_variant	MODIFIER	protein_coding			
rs2295388	intron_variant	MEG3		ENST00000398461	intron_variant,non_coding_transcript_variant	MODIFIER	lincRNA			
rs2295388	intron_variant	MEG3		ENST00000398474	intron_variant,non_coding_transcript_variant	MODIFIER	lincRNA			
rs2295388	intron_variant	MEG3		ENST00000398518	intron_variant,non_coding_transcript_variant	MODIFIER	lincRNA			
rs2295388	intron_variant	MEG3		ENST00000412736	intron_variant,non_coding_transcript_variant	MODIFIER	lincRNA			
rs2295388	intron_variant	MEG3		ENST00000423456	intron_variant,non_coding_transcript_variant	MODIFIER	lincRNA			
rs2295388	intron_variant	MEG3		ENST00000424076	intron_variant,non_coding_transcript_variant	MODIFIER	lincRNA			
rs2295388	intron_variant	MEG3		ENST00000429159	intron_variant,non_coding_transcript_variant	MODIFIER	lincRNA			
rs2295388	intron_variant	MEG3		ENST00000451743	intron_variant,non_coding_transcript_variant	MODIFIER	lincRNA			
rs2295388	intron_variant	MEG3		ENST00000452514	intron_variant,non_coding_transcript_variant	MODIFIER	lincRNA			
rs2295388	intron_variant	MEG3		ENST00000455531	intron_variant,non_coding_transcript_variant	MODIFIER	lincRNA			
rs2295388	intron_variant	MEG3		ENST00000519709	intron_variant,non_coding_transcript_variant	MODIFIER	lincRNA			
rs2295388	intron_variant	MEG3		ENST00000520714	intron_variant,non_coding_transcript_variant	MODIFIER	lincRNA			
rs2295388	intron_variant	MEG3		ENST00000521404	intron_variant,non_coding_transcript_variant	MODIFIER	lincRNA			
rs2295388	intron_variant	MEG3		ENST00000522618	intron_variant,non_coding_transcript_variant	MODIFIER	lincRNA			
rs2295388	intron_variant	MEG3		ENST00000522771	intron_variant,non_coding_transcript_variant	MODIFIER	lincRNA			
rs2295388	intron_variant	MEG3		ENST00000524035	intron_variant,non_coding_transcript_variant	MODIFIER	lincRNA			
rs2295388	intron_variant	MEG3		ENST00000524131	intron_variant,non_coding_transcript_variant	MODIFIER	lincRNA			
rs2295388	intron_variant	RP11-123M6.2		ENST00000554041	intron_variant,non_coding_transcript_variant	MODIFIER	antisense			
rs2295388	intron_variant	MEG3		ENST00000554639	intron_variant,non_coding_transcript_variant	MODIFIER	lincRNA			
rs2295388	intron_variant	MEG3		ENST00000555928	intron_variant,non_coding_transcript_variant	MODIFIER	lincRNA			
rs2295388	intron_variant	MEG3		ENST00000556736	intron_variant,non_coding_transcript_variant	MODIFIER	lincRNA			
rs2371064	intron_variant	NRXN3		ENST00000281127	intron_variant	MODIFIER	protein_coding			
rs2371064	intron_variant	NRXN3		ENST00000281127	intron_variant	MODIFIER	protein_coding			
rs2371064	intron_variant	NRXN3		ENST00000281127	intron_variant	MODIFIER	protein_coding			
rs2371064	intron_variant	NRXN3		ENST00000335750	intron_variant	MODIFIER	protein_coding			
rs2371064	intron_variant	NRXN3		ENST00000335750	intron_variant	MODIFIER	protein_coding			
rs2371064	intron_variant	NRXN3		ENST00000335750	intron_variant	MODIFIER	protein_coding			
rs2371064	intron_variant	NRXN3		ENST00000428277	intron_variant	MODIFIER	protein_coding			
rs2371064	intron_variant	NRXN3		ENST00000428277	intron_variant	MODIFIER	protein_coding			
rs2371064	intron_variant	NRXN3		ENST00000428277	intron_variant	MODIFIER	protein_coding			
rs2371064	intron_variant	RP11-242P2.1		ENST00000553322	intron_variant,non_coding_transcript_variant	MODIFIER	antisense			
rs2371064	intron_variant	RP11-242P2.1		ENST00000553322	intron_variant,non_coding_transcript_variant	MODIFIER	antisense			
rs2371064	intron_variant	RP11-242P2.1		ENST00000553322	intron_variant,non_coding_transcript_variant	MODIFIER	antisense			
rs2371064	intron_variant	NRXN3		ENST00000554719	intron_variant	MODIFIER	protein_coding			
rs2371064	intron_variant	NRXN3		ENST00000554719	intron_variant	MODIFIER	protein_coding			
rs2371064	intron_variant	NRXN3		ENST00000554719	intron_variant	MODIFIER	protein_coding			
rs2371064	intron_variant	NRXN3		ENST00000554738	intron_variant,NMD_transcript_variant	MODIFIER	nonsense_mediated_decay			
rs2371064	intron_variant	NRXN3		ENST00000554738	intron_variant,NMD_transcript_variant	MODIFIER	nonsense_mediated_decay			
rs2371064	intron_variant	NRXN3		ENST00000554738	intron_variant,NMD_transcript_variant	MODIFIER	nonsense_mediated_decay			
rs2371064	intron_variant	NRXN3		ENST00000555387	intron_variant,NMD_transcript_variant	MODIFIER	nonsense_mediated_decay			
rs2371064	intron_variant	NRXN3		ENST00000555387	intron_variant,NMD_transcript_variant	MODIFIER	nonsense_mediated_decay			
rs2371064	intron_variant	NRXN3		ENST00000555387	intron_variant,NMD_transcript_variant	MODIFIER	nonsense_mediated_decay			
rs2371064	intron_variant	NRXN3		ENST00000556003	intron_variant,non_coding_transcript_variant	MODIFIER	processed_transcript			
rs2371064	intron_variant	NRXN3		ENST00000556003	intron_variant,non_coding_transcript_variant	MODIFIER	processed_transcript			
rs2371064	intron_variant	NRXN3		ENST00000556003	intron_variant,non_coding_transcript_variant	MODIFIER	processed_transcript			
rs2371064	intron_variant	NRXN3		ENST00000557594	intron_variant	MODIFIER	protein_coding			
rs2371064	intron_variant	NRXN3		ENST00000557594	intron_variant	MODIFIER	protein_coding			
rs2371064	intron_variant	NRXN3		ENST00000557594	intron_variant	MODIFIER	protein_coding			
rs2382031	intergenic_variant				intergenic_variant					
rs2393960	intergenic_variant				intergenic_variant					
rs2438988	intron_variant	FRMPD2		ENST00000305531	intron_variant	MODIFIER	protein_coding			
rs2438988	intron_variant	FRMPD2		ENST00000374201	intron_variant	MODIFIER	protein_coding			
rs2438988	intron_variant	FRMPD2		ENST00000407470	intron_variant	MODIFIER	protein_coding			
rs2438988	intron_variant	FRMPD2		ENST00000463706	intron_variant,non_coding_transcript_variant	MODIFIER	processed_transcript			
rs2438988	intron_variant	FRMPD2		ENST00000474573	intron_variant	MODIFIER	protein_coding			
rs2438988	intron_variant	FRMPD2		ENST00000491130	intron_variant,non_coding_transcript_variant	MODIFIER	retained_intron			
rs2447198	intron_variant	CKMT1B		ENST00000300283	downstream_gene_variant	MODIFIER	protein_coding			
rs2447198	intron_variant	CKMT1B		ENST00000300283	downstream_gene_variant	MODIFIER	protein_coding			
rs2447198	intron_variant	RNU6-554P		ENST00000410466	downstream_gene_variant	MODIFIER	snRNA			
rs2447198	intron_variant	RNU6-554P		ENST00000410466	downstream_gene_variant	MODIFIER	snRNA			
rs2447198	intron_variant	CKMT1B		ENST00000411560	intron_variant,non_coding_transcript_variant	MODIFIER	processed_transcript			
rs2447198	intron_variant	CKMT1B		ENST00000411560	intron_variant,non_coding_transcript_variant	MODIFIER	processed_transcript			
rs2447198	intron_variant	STRC		ENST00000428650	intron_variant,NMD_transcript_variant	MODIFIER	nonsense_mediated_decay			
rs2447198	intron_variant	STRC		ENST00000428650	intron_variant,NMD_transcript_variant	MODIFIER	nonsense_mediated_decay			
rs2447198	intron_variant	CKMT1B		ENST00000437534	downstream_gene_variant	MODIFIER	nonsense_mediated_decay			
rs2447198	intron_variant	CKMT1B		ENST00000437534	downstream_gene_variant	MODIFIER	nonsense_mediated_decay			
rs2447198	intron_variant	STRC		ENST00000440125	intron_variant,NMD_transcript_variant	MODIFIER	nonsense_mediated_decay			
rs2447198	intron_variant	STRC		ENST00000440125	intron_variant,NMD_transcript_variant	MODIFIER	nonsense_mediated_decay			
rs2447198	intron_variant	CKMT1B		ENST00000441322	downstream_gene_variant	MODIFIER	protein_coding			
rs2447198	intron_variant	CKMT1B		ENST00000441322	downstream_gene_variant	MODIFIER	protein_coding			
rs2447198	intron_variant	STRC		ENST00000448437	intron_variant,non_coding_transcript_variant	MODIFIER	retained_intron			
rs2447198	intron_variant	STRC		ENST00000448437	intron_variant,non_coding_transcript_variant	MODIFIER	retained_intron			
rs2447198	intron_variant	STRC		ENST00000450892	intron_variant	MODIFIER	protein_coding			
rs2447198	intron_variant	STRC		ENST00000450892	intron_variant	MODIFIER	protein_coding			
rs2447198	intron_variant	STRC		ENST00000455136	downstream_gene_variant	MODIFIER	nonsense_mediated_decay			
rs2447198	intron_variant	STRC		ENST00000455136	downstream_gene_variant	MODIFIER	nonsense_mediated_decay			
rs2447198	intron_variant	STRC		ENST00000460952	upstream_gene_variant	MODIFIER	retained_intron			
rs2447198	intron_variant	STRC		ENST00000460952	upstream_gene_variant	MODIFIER	retained_intron			
rs2447198	intron_variant	STRC		ENST00000471703	intron_variant,non_coding_transcript_variant	MODIFIER	retained_intron			
rs2447198	intron_variant	STRC		ENST00000471703	intron_variant,non_coding_transcript_variant	MODIFIER	retained_intron			
rs2447198	intron_variant	STRC		ENST00000485556	intron_variant,non_coding_transcript_variant	MODIFIER	retained_intron			
rs2447198	intron_variant	STRC		ENST00000485556	intron_variant,non_coding_transcript_variant	MODIFIER	retained_intron			
rs2447198	intron_variant	STRC		ENST00000493750	intron_variant,non_coding_transcript_variant	MODIFIER	retained_intron			
rs2447198	intron_variant	STRC		ENST00000493750	intron_variant,non_coding_transcript_variant	MODIFIER	retained_intron			
rs2447198	intron_variant	STRC		ENST00000541030	intron_variant	MODIFIER	protein_coding			
rs2447198	intron_variant	STRC		ENST00000541030	intron_variant	MODIFIER	protein_coding			
rs2469102	upstream_gene_variant	RP11-321F6.1		ENST00000558797	upstream_gene_variant	MODIFIER	protein_coding			
rs2479106	intron_variant	DENND1A		ENST00000373618	intron_variant	MODIFIER	protein_coding			
rs2479106	intron_variant	DENND1A		ENST00000373618	intron_variant	MODIFIER	protein_coding			
rs2479106	intron_variant	DENND1A		ENST00000373620	intron_variant	MODIFIER	protein_coding			
rs2479106	intron_variant	DENND1A		ENST00000373620	intron_variant	MODIFIER	protein_coding			
rs2479106	intron_variant	DENND1A		ENST00000373624	intron_variant	MODIFIER	protein_coding			
rs2479106	intron_variant	DENND1A		ENST00000373624	intron_variant	MODIFIER	protein_coding			
rs2479106	intron_variant	DENND1A		ENST00000394215	intron_variant	MODIFIER	protein_coding			
rs2479106	intron_variant	DENND1A		ENST00000394215	intron_variant	MODIFIER	protein_coding			
rs2479106	intron_variant	DENND1A		ENST00000394219	intron_variant	MODIFIER	protein_coding			
rs2479106	intron_variant	DENND1A		ENST00000394219	intron_variant	MODIFIER	protein_coding			
rs2479106	intron_variant	RP11-417B4.3		ENST00000411924	downstream_gene_variant	MODIFIER	processed_pseudogene			
rs2479106	intron_variant	RP11-417B4.3		ENST00000411924	downstream_gene_variant	MODIFIER	processed_pseudogene			
rs2479106	intron_variant	DENND1A		ENST00000473039	intron_variant,non_coding_transcript_variant	MODIFIER	processed_transcript			
rs2479106	intron_variant	DENND1A		ENST00000473039	intron_variant,non_coding_transcript_variant	MODIFIER	processed_transcript			
rs2615231	intron_variant	TCF12		ENST00000267811	intron_variant	MODIFIER	protein_coding			
rs2615231	intron_variant	TCF12		ENST00000333725	intron_variant	MODIFIER	protein_coding			
rs2615231	intron_variant	TCF12		ENST00000438423	intron_variant	MODIFIER	protein_coding			
rs2615231	intron_variant	TCF12		ENST00000452095	intron_variant	MODIFIER	protein_coding			
rs2615231	intron_variant	TCF12		ENST00000557843	intron_variant	MODIFIER	protein_coding			
rs2615231	intron_variant	TCF12		ENST00000557947	intron_variant	MODIFIER	protein_coding			
rs2615231	intron_variant	TCF12		ENST00000559216	upstream_gene_variant	MODIFIER	processed_transcript			
rs2615231	intron_variant	TCF12		ENST00000559609	intron_variant	MODIFIER	protein_coding			
rs2615231	intron_variant	TCF12		ENST00000560190	intron_variant,non_coding_transcript_variant	MODIFIER	processed_transcript			
rs2615231	intron_variant	TCF12		ENST00000561152	intron_variant,NMD_transcript_variant	MODIFIER	nonsense_mediated_decay			
rs2615231	intron_variant	TCF12		ENST00000561346	intron_variant,non_coding_transcript_variant	MODIFIER	processed_transcript			
rs2664419	intron_variant	TET1		ENST00000373644	intron_variant	MODIFIER	protein_coding			
rs2664419	intron_variant	TET1		ENST00000373644	intron_variant	MODIFIER	protein_coding			
rs2664419	intron_variant	TET1		ENST00000373644	intron_variant	MODIFIER	protein_coding			
rs2796441	intron_variant	TLE1		ENST00000376499	upstream_gene_variant	MODIFIER	protein_coding			
rs2796441	intron_variant	TLE1		ENST00000376499	upstream_gene_variant	MODIFIER	protein_coding			
rs2796441	intron_variant	RP11-154D17.1		ENST00000437181	intron_variant,non_coding_transcript_variant	MODIFIER	lincRNA			
rs2796441	intron_variant	RP11-154D17.1		ENST00000437181	intron_variant,non_coding_transcript_variant	MODIFIER	lincRNA			
rs2814834	intergenic_variant				intergenic_variant					
rs2814834	intergenic_variant				intergenic_variant					
rs2815657	intron_variant	CAMK1D		ENST00000378845	intron_variant	MODIFIER	protein_coding			
rs2815657	intron_variant	CAMK1D		ENST00000378847	intron_variant	MODIFIER	protein_coding			
rs2815657	intron_variant	CAMK1D		ENST00000487696	intron_variant,non_coding_transcript_variant	MODIFIER	processed_transcript			
rs28475375	intergenic_variant				intergenic_variant					
rs28521526	upstream_gene_variant	IFNA21		ENST00000380225	upstream_gene_variant	MODIFIER	protein_coding			
rs28521526	upstream_gene_variant	IFNA21		ENST00000380225	upstream_gene_variant	MODIFIER	protein_coding			
rs28533815	intron_variant	GPSM1		ENST00000563430	intron_variant	MODIFIER	protein_coding			
rs28533815	intron_variant	GPSM1		ENST00000563430	intron_variant	MODIFIER	protein_coding			
rs28533815	intron_variant	GPSM1		ENST00000354753	intron_variant	MODIFIER	protein_coding			
rs28533815	intron_variant	GPSM1		ENST00000354753	intron_variant	MODIFIER	protein_coding			
rs28533815	intron_variant	GPSM1		ENST00000440944	intron_variant	MODIFIER	protein_coding			
rs28533815	intron_variant	GPSM1		ENST00000440944	intron_variant	MODIFIER	protein_coding			
rs28538218	intron_variant	RP11-382A20.5		ENST00000566841	intron_variant,non_coding_transcript_variant	MODIFIER	antisense			
rs28538218	intron_variant	RP11-382A20.6		ENST00000568441	intron_variant,non_coding_transcript_variant	MODIFIER	antisense			
rs28836514	downstream_gene_variant	AC093334.1		ENST00000537528	downstream_gene_variant	MODIFIER	pseudogene			
rs28836514	downstream_gene_variant	AC093334.1		ENST00000537528	downstream_gene_variant	MODIFIER	pseudogene			
rs2890156	intron_variant	PRC1		ENST00000361188	intron_variant	MODIFIER	protein_coding			
rs2890156	intron_variant	PRC1		ENST00000361188	intron_variant	MODIFIER	protein_coding			
rs2890156	intron_variant	PRC1		ENST00000361919	intron_variant	MODIFIER	protein_coding			
rs2890156	intron_variant	PRC1		ENST00000361919	intron_variant	MODIFIER	protein_coding			
rs2890156	intron_variant	PRC1		ENST00000394249	intron_variant	MODIFIER	protein_coding			
rs2890156	intron_variant	PRC1		ENST00000394249	intron_variant	MODIFIER	protein_coding			
rs2890156	intron_variant	PRC1		ENST00000442656	intron_variant	MODIFIER	protein_coding			
rs2890156	intron_variant	PRC1		ENST00000442656	intron_variant	MODIFIER	protein_coding			
rs2890156	intron_variant	PRC1-AS1		ENST00000554388	intron_variant,non_coding_transcript_variant	MODIFIER	antisense			
rs2890156	intron_variant	PRC1-AS1		ENST00000554388	intron_variant,non_coding_transcript_variant	MODIFIER	antisense			
rs2890156	intron_variant	PRC1		ENST00000555455	intron_variant	MODIFIER	protein_coding			
rs2890156	intron_variant	PRC1		ENST00000555455	intron_variant	MODIFIER	protein_coding			
rs2890156	intron_variant	PRC1-AS1		ENST00000556200	intron_variant,non_coding_transcript_variant	MODIFIER	antisense			
rs2890156	intron_variant	PRC1-AS1		ENST00000556200	intron_variant,non_coding_transcript_variant	MODIFIER	antisense			
rs2890156	intron_variant	PRC1		ENST00000556972	intron_variant	MODIFIER	protein_coding			
rs2890156	intron_variant	PRC1		ENST00000556972	intron_variant	MODIFIER	protein_coding			
rs2890156	intron_variant	PRC1		ENST00000559326	downstream_gene_variant	MODIFIER	retained_intron			
rs2890156	intron_variant	PRC1		ENST00000559326	downstream_gene_variant	MODIFIER	retained_intron			
rs2890156	intron_variant	PRC1		ENST00000559828	intron_variant	MODIFIER	protein_coding			
rs2890156	intron_variant	PRC1		ENST00000559828	intron_variant	MODIFIER	protein_coding			
rs2890156	intron_variant	PRC1		ENST00000560423	intron_variant	MODIFIER	protein_coding			
rs2890156	intron_variant	PRC1		ENST00000560423	intron_variant	MODIFIER	protein_coding			
rs2890156	intron_variant	PRC1		ENST00000560914	downstream_gene_variant	MODIFIER	retained_intron			
rs2890156	intron_variant	PRC1		ENST00000560914	downstream_gene_variant	MODIFIER	retained_intron			
